feature,win_mean,loss_mean,p_value,cohens_d,abs_d,significant
hand_cart_min,-5.059,-0.5328571428571433,0.14010427874414558,-0.6486818655347617,0.6486818655347617,False
chemistry_min,-0.482857142857143,1.9006249999999993,0.13265450691924904,-0.579908787037485,0.579908787037485,False
bracer_min,-0.9787500000000016,1.8489473684210531,0.03148764728621751,-0.5648221287016149,0.5648221287016149,True
imperial_min,-0.5060714285714288,1.3383673469387758,0.053286272969802345,-0.5560978438074244,0.5560978438074244,False
wheelbarrow_min,-2.653225806451613,2.292372881355932,0.016260916480682674,-0.47599087938796636,0.47599087938796636,True
heavy_plow_min,5.232857142857144,1.5552631578947371,0.3256602695730657,0.45174319081247577,0.45174319081247577,False
mil_trained_imperial_age,4.906666666666666,-16.39,0.00016435399808015515,0.40508816867678143,0.40508816867678143,True
town_watch_min,1.6642857142857144,-2.789444444444444,0.35844470902470227,0.38840555657602743,0.38840555657602743,False
villagers_dark_age,-1.4,0.56,0.014023487143571534,-0.3159825038815643,0.3159825038815643,True
scale_mail_armor_min,4.105454545454547,0.8250000000000005,0.450704726487549,0.31081330347153596,0.31081330347153596,False
iron_casting_min,-1.431666666666666,0.9189473684210531,0.45304410683890206,-0.3044710629259222,0.3044710629259222,False
apm_dark_age,-24.373333333333335,30.74,0.03748274597770695,-0.30404809504682884,0.30404809504682884,True
bloodlines_min,-0.8492857142857149,3.033214285714286,0.2568063363603299,-0.29722857963846316,0.29722857963846316,False
feudal_min,-0.18337837837837842,0.08303030303030302,0.31201290635640655,-0.24415857556296347,0.24415857556296347,False
market_min,-1.053818181818182,1.1784722222222221,0.23803159569996146,-0.22825728871154002,0.22825728871154002,False
castle_min,-0.022812499999999625,0.4700000000000001,0.01126115496609196,-0.22575343584188137,0.22575343584188137,True
villagers_castle_age,2.8133333333333335,-3.98,0.30313965269814436,0.21637235273632974,0.21637235273632974,False
market_count,-0.04,0.09,0.23112474321192755,-0.21055871436317064,0.21055871436317064,False
loom_min,-0.21946666666666667,0.3091,0.27241184680034125,-0.20485593155312037,0.20485593155312037,False
husbandry_min,-0.38562499999999966,1.5467857142857149,0.3230701497430064,-0.20003964449452397,0.20003964449452397,False
move_count,-11.44,81.46,0.2899102863470987,-0.19112536359102633,0.19112536359102633,False
chain_mail_armor_min,1.618333333333332,4.062,1.0,-0.18706191611030124,0.18706191611030124,False
chain_barding_armor_min,-4.582000000000001,-2.6133333333333346,0.48555695756217077,-0.18098752571053833,0.18098752571053833,False
stable_count,0.64,-0.06,0.2951450197147716,0.17276165390798717,0.17276165390798717,False
archery_count,0.3466666666666667,-0.1,0.6857238252507276,0.1677823008728921,0.1677823008728921,False
forging_min,-1.0167857142857144,0.4413513513513513,0.1703199396549837,-0.1645288533623073,0.1645288533623073,False
bow_saw_min,-1.0210000000000004,-2.6216666666666675,0.8667129902237017,0.15963532479916415,0.15963532479916415,False
first_archery_min,-0.8985714285714285,-0.03467532467532491,0.735517017554153,-0.15796101514454347,0.15796101514454347,False
villagers_imperial_age,-2.24,0.94,0.4338357241938098,-0.1576515252195865,0.1576515252195865,False
gather_point_count,-8.2,3.93,0.7321756955093257,-0.1553203254519537,0.1553203254519537,False
scale_barding_armor_min,-1.4340000000000006,-3.568918918918919,0.5983774106085762,0.15015843403952528,0.15015843403952528,False
mil_trained_feudal_age,-0.8266666666666667,0.65,0.5007886586123673,-0.14946890333441054,0.14946890333441054,False
barracks_count,0.13333333333333333,-0.48,0.5460758683356882,0.1477709718567435,0.1477709718567435,False
first_wall_min,-0.17136363636363636,-0.7911340206185568,0.21658161962452382,0.14211964755082218,0.14211964755082218,False
first_barracks_min,-0.3053030303030304,0.2145263157894736,0.36145990899640956,-0.13371255572029075,0.13371255572029075,False
apm_imperial_age,-15.72,-36.65,0.022080168495900977,0.1193955930852474,0.1193955930852474,True
apm_castle_age,4.613333333333333,37.66,0.3490627948312204,-0.10745842384728845,0.10745842384728845,False
blacksmith_min,0.6224285714285713,0.2406521739130436,0.8670832462974905,0.09620234118929262,0.09620234118929262,False
horse_collar_min,-0.9781249999999998,-1.9311764705882353,0.7302842368542874,0.09558640920260876,0.09558640920260876,False
order_count,-9.946666666666667,1.69,0.7276484225649826,-0.09532120547884625,0.09532120547884625,False
bodkin_arrow_min,-0.2307692307692306,0.6248780487804878,0.11553391770796431,-0.08418557727537328,0.08418557727537328,False
double_bit_axe_min,-1.0949999999999998,-0.31651162790697634,0.6183996576907764,-0.07914075346708961,0.07914075346708961,False
mil_trained_dark_age,0.10666666666666667,0.3,0.8957271068367717,-0.07239878804351382,0.07239878804351382,False
fletching_min,1.2882352941176471,0.7110000000000003,0.5869396939048783,0.059042445916273494,0.059042445916273494,False
blacksmith_count,-0.02666666666666667,-0.06,0.5537555748820728,0.05788884294237075,0.05788884294237075,False
first_stable_min,-1.2207317073170734,-1.7666153846153847,0.9327904460160941,0.055626566002800644,0.055626566002800644,False
wall_count,0.02666666666666667,0.54,0.6173363322390517,-0.0533192637962877,0.0533192637962877,False
gold_mining_min,0.899166666666666,0.4862162162162157,0.8362275165983348,0.04668527023777295,0.04668527023777295,False
mil_trained_castle_age,1.3733333333333333,-0.17,0.1645849737557754,0.041213845718402614,0.041213845718402614,False
apm_feudal_age,20.85333333333333,28.28,0.5013410393380642,-0.025842569622261537,0.025842569622261537,False
villagers_feudal_age,0.76,0.88,0.424560731705922,-0.012790367833141367,0.012790367833141367,False
stance_count,5.8933333333333335,4.72,0.030392100556132055,0.004918257944127765,0.004918257944127765,True
ungarrison_count,0.0,0.0,1.0,0.0,0.0,False
