filepath,villagers_dark_age_delta,villagers_feudal_age_delta,villagers_castle_age_delta,villagers_imperial_age_delta,mil_trained_dark_age_delta,mil_trained_feudal_age_delta,mil_trained_castle_age_delta,mil_trained_imperial_age_delta,apm_dark_age_delta,apm_feudal_age_delta,apm_castle_age_delta,apm_imperial_age_delta,gather_point_count_delta,wall_count_delta,move_count_delta,order_count_delta,stance_count_delta,ungarrison_count_delta,first_wall_min_delta,market_min_delta,first_barracks_min_delta,first_stable_min_delta,first_archery_min_delta,blacksmith_min_delta,feudal_min_delta,castle_min_delta,imperial_min_delta,double_bit_axe_min_delta,bow_saw_min_delta,two_man_saw_min_delta,horse_collar_min_delta,heavy_plow_min_delta,crop_rotation_min_delta,gold_mining_min_delta,gold_shafting_mining_min_delta,stone_mining_min_delta,stone_shafting_mining_min_delta,wheelbarrow_min_delta,hand_cart_min_delta,town_watch_min_delta,town_patrol_min_delta,loom_min_delta,forging_min_delta,iron_casting_min_delta,blast_furnace_min_delta,scale_mail_armor_min_delta,chain_mail_armor_min_delta,plate_mail_armor_min_delta,scale_barding_armor_min_delta,chain_barding_armor_min_delta,plate_barding_armor_min_delta,fletching_min_delta,bodkin_arrow_min_delta,bracer_min_delta,padded_archer_armor_min_delta,leather_archer_armor_min_delta,ring_archer_armor_min_delta,bloodlines_min_delta,husbandry_min_delta,thumb_ring_min_delta,parthian_tactics_min_delta,arson_min_delta,gambeson_min_delta,squires_min_delta,chemistry_min_delta,barracks_count_delta,stable_count_delta,archery_count_delta,blacksmith_count_delta,market_count_delta,duration_min,p1_elo,p2_elo,p1_civ,p2_civ,result
C:\Users\liher\Games\Age of Empires 2 DE\76561198151543542\savegame\AgeIIDE_Replay_272025477.aoe2record,-13,5,-43,42,0,-2,-36,-99,38,377,146,474,268,6,610,253,-10,0,0.4800000000000004,-5.640000000000001,0.0,-1.6600000000000001,-3.600000000000005,-4.58,-1.5500000000000007,0.75,-1.379999999999999,-2.3900000000000006,-7.740000000000002,,0.1899999999999995,6.139999999999997,,-0.16000000000000014,,,,16.919999999999998,-4.0,-2.6400000000000006,,-0.0699999999999994,1.8000000000000007,,,,,,1.620000000000001,3.8999999999999986,0.5899999999999963,,,,,,,,4.030000000000001,,,,,,,-3,-2,-1,-2,0,52.88,1478,1484,10,36,0
C:\Users\liher\Games\Age of Empires 2 DE\76561198151543542\savegame\AgeIIDE_Replay_277877629.aoe2record,5,-4,35,4,0,4,11,215,-104,-26,-134,-301,314,1,-751,-177,18,0,1.2999999999999998,8.690000000000001,1.7699999999999996,1.1500000000000004,-1.8800000000000026,-2.539999999999999,0.3799999999999999,-0.16999999999999815,-2.0500000000000007,-10.350000000000001,-11.310000000000002,,8.71,-14.939999999999998,,13.129999999999999,,,,-12.34,-5.149999999999999,-7.27,,-4.69,,,,,,,15.61,,,13.350000000000001,13.89,3.460000000000001,,,-5.5,32.230000000000004,,-3.3800000000000026,,,,,3.809999999999995,10,-9,0,1,1,54.66,1704,1742,6,22,0
C:\Users\liher\Games\Age of Empires 2 DE\76561198151543542\savegame\AgeIIDE_Replay_277883469.aoe2record,-1,3,0,0,3,2,0,0,359,494,0,0,33,3,728,119,-23,0,2.1999999999999993,,-3.67,,1.92,,-0.33000000000000007,,,,,,,,,,,,,,,,,-0.39999999999999947,,,,,,,,,,,,,,,,,,,,,,,,0,0,0,-1,-1,19.02,1572,1578,21,39,0
C:\Users\liher\Games\Age of Empires 2 DE\76561198151543542\savegame\AgeIIDE_Replay_279527733.aoe2record,-1,4,-4,4,0,1,-44,-39,11,-30,-200,-168,-60,0,46,-193,-20,0,-0.40000000000000036,-0.129999999999999,1.12,0.5399999999999991,,7.720000000000002,0.5499999999999998,0.8000000000000007,1.7900000000000063,,,,-7.700000000000001,,,0.41000000000000014,,,,8.0,4.099999999999994,-2.099999999999998,,0.5500000000000007,,,,,,,,,,,,,,,,,,,,,,,2.6600000000000037,3,-6,2,0,1,43.47,1538,1595,36,19,0
C:\Users\liher\Games\Age of Empires 2 DE\76561198151543542\savegame\AgeIIDE_Replay_318257793.aoe2record,2,18,15,0,0,18,12,0,-41,608,-47,0,-87,-1,561,-69,5,0,,5.739999999999998,,,,-0.22999999999999865,-0.20000000000000018,5.320000000000002,,,,,,,,,,,,,,,,-1.67,,,,,,,,,,,,,,,,,,,,,,,,1,0,2,0,0,29.27,1829,1705,15,24,1
C:\Users\liher\Games\Age of Empires 2 DE\76561198151543542\savegame\AgeIIDE_Replay_321368513.aoe2record,-1,-2,56,-35,0,-14,48,48,-232,-203,11,-275,-177,6,-587,-73,42,0,-2.0,-16.32,0.3099999999999996,-7.470000000000001,2.76,6.360000000000001,0.3600000000000003,-0.00999999999999801,2.989999999999995,,,,-10.299999999999999,,,-0.16000000000000014,,,,0.4499999999999993,-4.119999999999997,,,-0.1200000000000001,-9.849999999999998,-8.030000000000001,,7.25,,,-17.590000000000003,-4.230000000000004,,5.629999999999999,16.240000000000002,,-9.939999999999998,,,,9.280000000000001,,,,,,,7,5,0,0,0,44.13,1702,1645,36,26,1
C:\Users\liher\Games\Age of Empires 2 DE\76561198151543542\savegame\AgeIIDE_Replay_322457972.aoe2record,-13,7,0,0,0,-2,0,0,-93,825,0,0,-22,-15,317,116,325,0,0.7999999999999989,,-6.5600000000000005,,,-0.9100000000000001,-0.05000000000000071,,,,,,,,,,,,,,,,,-2.04,,,,,,,,,,,,,,,,,,,,,,,,0,1,-1,0,1,22.06,1743,1678,10,4,1
C:\Users\liher\Games\Age of Empires 2 DE\76561198151543542\savegame\AgeIIDE_Replay_322460723.aoe2record,9,0,-21,0,2,6,20,0,182,-214,-58,0,-18,3,15,-21,-51,0,-4.9,1.259999999999998,0.1800000000000006,10.59,2.67,7.299999999999999,0.8300000000000001,0.23000000000000043,,,,,,,,,,,,,,,,0.3099999999999996,0.05000000000000071,,,,,,0.5700000000000003,,,,,,,,,,,,,,,,,0,0,0,0,0,27.02,1665,1715,29,2,0
C:\Users\liher\Games\Age of Empires 2 DE\76561198151543542\savegame\AgeIIDE_Replay_326854530.aoe2record,-9,3,0,0,0,-15,0,0,233,494,-7,0,-60,-7,693,45,73,0,-5.59,,-2.2800000000000002,,0.08000000000000007,1.3399999999999999,-0.8600000000000003,1.6600000000000001,,-3.8000000000000007,,,,,,,,,,,,,,5.590000000000001,,,,,,,,,,0.6600000000000001,,,,,,,,,,,,,,-1,1,0,0,0,20.62,1705,1745,20,16,0
C:\Users\liher\Games\Age of Empires 2 DE\76561198151543542\savegame\AgeIIDE_Replay_456982423.aoe2record,-10,15,-11,-12,-5,10,33,22,-16,-211,-97,-249,-150,8,87,-36,-457,0,-3.0600000000000005,-0.35999999999999943,2.7600000000000007,,-30.42,2.630000000000001,0.11000000000000032,0.019999999999999574,0.4299999999999997,-13.970000000000002,-4.080000000000005,,-5.609999999999999,,,,,,,-2.759999999999998,,-13.040000000000001,,-4.5600000000000005,,,,6.210000000000001,,,,,,-13.970000000000002,-12.469999999999999,0.45999999999999375,6.879999999999999,,,,,,,,,,,2,0,3,0,0,42.57,2595,2772,57,57,1
C:\Users\liher\Games\Age of Empires 2 DE\76561198151543542\savegame\Burgundian vs Turks.aoe2record,-13,5,-43,42,0,-2,-36,-99,38,377,146,474,268,6,610,253,-10,0,0.4800000000000004,-5.640000000000001,0.0,-1.6600000000000001,-3.600000000000005,-4.58,-1.5500000000000007,0.75,-1.379999999999999,-2.3900000000000006,-7.740000000000002,,0.1899999999999995,6.139999999999997,,-0.16000000000000014,,,,16.919999999999998,-4.0,-2.6400000000000006,,-0.0699999999999994,1.8000000000000007,,,,,,1.620000000000001,3.8999999999999986,0.5899999999999963,,,,,,,,4.030000000000001,,,,,,,-3,-2,-1,-2,0,52.88,1478,1484,10,36,0
C:\Users\liher\Games\Age of Empires 2 DE\76561198151543542\savegame\MP Replay v101.102.13221.0 #(78757) @2023.04.04 225504 (1).aoe2record,-3,12,0,0,0,-7,0,0,-23,12,0,0,12,1,-103,82,3,0,-7.550000000000001,,-0.08000000000000007,,1.1400000000000006,,0.35000000000000053,,,,,,,,,,,,,,,,,0.29000000000000004,,,,,,,,,,,,,,,,,,,,,,,,0,-1,0,0,0,16.92,2224,2348,24,11,0
C:\Users\liher\Games\Age of Empires 2 DE\76561198151543542\savegame\MP Replay v101.102.24724.0 #(90260) @2023.08.19 224536 (1).aoe2record,-4,-3,-4,14,0,0,-5,29,-14,-63,-137,293,62,10,-389,99,211,0,-3.6000000000000005,-2.9800000000000004,0.27999999999999936,,4.449999999999999,-1.1399999999999988,0.16000000000000014,-1.5500000000000007,-4.560000000000002,-6.289999999999999,-6.370000000000001,,0.0,,,,,,,-1.9800000000000004,,7.970000000000002,,-0.16000000000000014,,,,,,,,,,,,,,,,,,,,,,,,0,-2,2,0,0,33.86,2619,2687,39,14,0
C:\Users\liher\Games\Age of Empires 2 DE\76561198151543542\savegame\MP Replay v101.102.24724.0 #(90260) @2023.08.21 122712 (1).aoe2record,-5,-9,5,0,0,-12,6,0,-259,-468,101,0,-135,-2,-355,-120,-1,0,-1.5099999999999998,,0.8199999999999994,1.049999999999999,,-1.8500000000000014,0.5,-3.099999999999998,,,,,,,,,,,,,,,,-5.779999999999999,,,,,,,,,,,,,,,,,,,,,,,,0,0,-1,0,1,21.27,1888,1951,6,22,1
C:\Users\liher\Games\Age of Empires 2 DE\76561198151543542\savegame\MP Replay v101.102.28520.0 @2023.10.23 170526 (1).aoe2record,6,-3,-7,0,2,-1,-9,0,-32,-132,-128,0,-31,-4,-269,-68,63,0,-0.7799999999999994,,-0.15000000000000036,-4.420000000000002,4.1,0.23000000000000043,4.039999999999999,3.580000000000002,,,,,,,,,,,,,,,,4.21,,,,,,,,,,-3.2299999999999986,,,,,,,,,,,,,,0,2,-1,0,-1,26.34,1945,2077,2,12,1
C:\Users\liher\Games\Age of Empires 2 DE\76561198151543542\savegame\MP Replay v101.102.28520.0 @2023.10.23 175657 (1).aoe2record,10,10,0,0,-3,-2,0,0,-91,-311,0,0,-90,0,-261,17,-50,0,-3.87,,2.45,-5.1,2.460000000000001,,0.05000000000000071,,,,,,,,,,,,,,,,,0.08000000000000007,,,,,,,,,,,,,,,,,,,,,,,,0,0,0,-1,1,18.69,2377,2550,17,43,0
C:\Users\liher\Games\Age of Empires 2 DE\76561198151543542\savegame\MP Replay v101.102.28520.0 @2023.10.25 113152 (1).aoe2record,3,-21,31,7,0,2,37,7,-148,-200,-104,56,-265,-10,-133,-134,87,0,9.070000000000002,-1.9499999999999993,-0.6899999999999995,-11.979999999999999,-2.4800000000000004,-2.299999999999999,-0.20000000000000018,-2.8299999999999983,-1.6599999999999966,15.48,,,27.410000000000004,,,,,,,-4.410000000000004,,,,0.3100000000000005,,,,,,,-2.669999999999998,,,-2.1500000000000004,-25.740000000000002,,,,,,,,,,,,,5,-2,-4,-1,0,47.8,2314,2506,31,34,1
C:\Users\liher\Games\Age of Empires 2 DE\76561198151543542\savegame\MP Replay v101.102.33868.0 @2023.12.15 212919 (1).aoe2record,-10,24,-26,0,0,20,10,0,-620,471,-320,0,-23,-9,-268,-69,-138,0,2.049999999999999,5.699999999999999,-8.190000000000001,-9.06,,-0.2900000000000009,-3.8100000000000005,6.330000000000002,,,,,,,,,,,,,,,,-0.8599999999999994,,,,,,,2.3500000000000014,,,,,,,,,,,,,,,,,0,2,1,0,0,28.83,1606,1658,37,31,1
C:\Users\liher\Games\Age of Empires 2 DE\76561198151543542\savegame\MP Replay v101.102.33868.0 @2023.12.16 204711 (1).aoe2record,4,-12,1,0,0,-1,0,0,51,144,128,0,58,4,220,105,-43,0,-7.62,-5.51,0.4599999999999991,,-0.2900000000000009,1.2200000000000006,-1.29,-4.140000000000001,,,,,,,,,,,,,,,,-0.8799999999999999,,,,,,,,,,1.5500000000000007,,,,,,,,,,,,,,0,0,0,0,0,18.09,1667,1672,12,5,0
C:\Users\liher\Games\Age of Empires 2 DE\76561198151543542\savegame\MP Replay v101.102.33868.0 @2023.12.17 133106 (2).aoe2record,-7,-8,0,0,0,2,-17,0,278,145,257,0,97,-2,637,17,-35,0,0.8599999999999994,,-0.5099999999999998,0.4200000000000017,,1.129999999999999,1.0599999999999996,-0.9199999999999982,,,,,4.279999999999999,,,,,,,,,,,-0.1899999999999995,,,,,,,,,,,,,,,,,,,,,,,,-1,0,-1,0,-1,28.1,1593,1624,14,12,1
C:\Users\liher\Games\Age of Empires 2 DE\76561198151543542\savegame\MP Replay v101.102.33868.0 @2023.12.17 134952 (2).aoe2record,1,2,2,0,0,1,10,0,153,334,153,0,-31,10,716,-26,-43,0,1.2899999999999991,19.76,-0.15000000000000036,-3.5299999999999976,-0.09999999999999964,1.4000000000000004,0.0,3.2699999999999996,,-3.630000000000001,,,,,,,,,,,,,,0.019999999999999574,,,,,,,,,,1.2300000000000004,,,,,,,,,,,,,,-1,2,2,0,0,38.05,1643,1607,2,39,1
C:\Users\liher\Games\Age of Empires 2 DE\76561198151543542\savegame\MP Replay v101.102.33868.0 @2023.12.17 142040 (1).aoe2record,4,2,46,-13,0,0,58,-17,-230,-109,-345,-133,-51,-15,-525,-318,49,0,8.18,-8.120000000000001,-0.5899999999999999,-0.009999999999999787,,4.0,0.07000000000000028,0.9199999999999982,,,,,-22.53,,,,,,,-1.1499999999999986,,,,-0.3600000000000003,,,,,,,-11.34,,,,,,,,,1.0300000000000011,3.400000000000002,,,,,,,0,1,1,0,0,47.29,1593,1645,22,27,0
C:\Users\liher\Games\Age of Empires 2 DE\76561198151543542\savegame\MP Replay v101.102.33868.0 @2023.12.17 200557 (2).aoe2record,-1,-5,-123,0,0,-3,-28,0,-6,47,173,0,-42,-4,528,140,-39,0,-1.0999999999999996,-0.7299999999999969,0.3699999999999992,-9.389999999999999,2.9700000000000006,1.4100000000000001,-0.020000000000000462,-0.38000000000000256,,,,,-10.860000000000001,,,-23.01,,,,,,,,-0.28000000000000025,3.5599999999999987,,,,,,-0.22999999999999687,-14.8,,25.21,,,,,,,,,,,,,,-4,0,0,0,0,43.73,1572,1579,8,13,0
C:\Users\liher\Games\Age of Empires 2 DE\76561198151543542\savegame\MP Replay v101.102.33868.0 @2023.12.18 144230 (1).aoe2record,2,6,-67,-22,0,-1,-9,-34,19,49,-283,-65,-51,-10,154,-61,-98,0,1.0099999999999998,23.240000000000002,-0.3099999999999987,-11.15,2.0999999999999996,0.5899999999999999,-0.3700000000000001,2.1499999999999986,-0.3999999999999986,-0.07000000000000028,-4.259999999999998,,-11.23,,,-9.900000000000002,,,,1.7300000000000004,,-4.52,,-0.6600000000000001,,,,,,,,,,3.5599999999999987,2.1799999999999997,-0.3999999999999986,,,,0.25,2.5199999999999996,,,,,,-0.25,0,-6,-2,0,0,42.41,2336,2450,45,9,0
C:\Users\liher\Games\Age of Empires 2 DE\76561198151543542\savegame\MP Replay v101.102.33868.0 @2023.12.20 144448 (2).aoe2record,-1,4,-4,4,0,1,-44,-39,11,-30,-200,-168,-60,0,46,-193,-20,0,-0.40000000000000036,-0.129999999999999,1.12,0.5399999999999991,,7.720000000000002,0.5499999999999998,0.8000000000000007,1.7900000000000063,,,,-7.700000000000001,,,0.41000000000000014,,,,8.0,4.099999999999994,-2.099999999999998,,0.5500000000000007,,,,,,,,,,,,,,,,,,,,,,,2.6600000000000037,3,-6,2,0,1,43.47,1538,1595,36,19,0
C:\Users\liher\Games\Age of Empires 2 DE\76561198151543542\savegame\MP Replay v101.102.33868.0 @2023.12.20 163439 (2).aoe2record,7,7,22,5,0,4,-15,-13,235,298,136,-57,-48,9,381,69,292,0,1.1099999999999994,-17.38,-0.22999999999999954,-0.5999999999999996,,5.949999999999999,-0.47999999999999954,-0.33999999999999986,0.9100000000000001,,,,-0.6799999999999997,,,-0.7300000000000004,,,,-1.129999999999999,-1.8000000000000007,0.16000000000000014,,-0.9799999999999995,14.459999999999997,,,,,,0.8099999999999987,2.2300000000000004,,,,,,,,-0.9299999999999997,,,,,,,,0,4,-3,0,1,34.42,1570,1608,9,30,0
C:\Users\liher\Games\Age of Empires 2 DE\76561198151543542\savegame\MP Replay v101.102.33868.0 @2023.12.23 160844 (1).aoe2record,0,-10,22,0,3,-15,-1,0,-19,-141,127,0,16,3,-199,111,19,0,2.05,-3.5700000000000003,-1.54,0.23000000000000043,,-3.879999999999999,0.41000000000000014,-1.6699999999999982,,,,,4.200000000000001,,,,,,,,,,,-0.41000000000000014,-1.4199999999999982,,,,,,,,,,,,,,,,,,,,,,,-2,-1,-1,0,0,27.89,1640,1667,32,7,1
C:\Users\liher\Games\Age of Empires 2 DE\76561198151543542\savegame\MP Replay v101.102.33868.0 @2023.12.25 204721 (1).aoe2record,-6,0,0,0,2,2,0,0,-120,64,0,0,15,-7,-113,0,47,0,,,-4.370000000000001,,,,-0.39000000000000057,,,,,,,,,,,,,,,,,5.4,,,,,,,,,,,,,,,,,,,,,,,,0,0,1,0,0,9.85,1743,1789,20,6,1
C:\Users\liher\Games\Age of Empires 2 DE\76561198151543542\savegame\MP Replay v101.102.33868.0 @2023.12.26 191601 (1).aoe2record,-3,3,24,14,0,-10,-15,-6,-94,44,-71,-70,26,9,-226,54,-68,0,-3.4800000000000004,6.760000000000002,1.08,,-0.6199999999999992,3.6000000000000014,-0.8200000000000003,1.5600000000000023,0.9899999999999984,-18.879999999999995,-2.220000000000006,,-11.049999999999999,,,,,,,-9.540000000000003,,,,-0.9100000000000001,,,,,,,,,,5.449999999999999,1.8299999999999983,1.5,,,,,,,,,,,3.1599999999999966,0,-4,1,0,1,41.71,1844,1845,45,9,0
C:\Users\liher\Games\Age of Empires 2 DE\76561198151543542\savegame\MP Replay v101.102.33868.0 @2023.12.30 201814 (2).aoe2record,2,-5,-9,0,0,5,0,0,160,119,81,0,80,9,161,73,32,0,-5.890000000000001,,0.5400000000000009,0.5,3.42,4.600000000000001,0.0,-0.19000000000000128,,,,,,,,,,,,,,,,0.4399999999999995,1.4100000000000001,4.030000000000001,,,,,-0.7699999999999996,,,,,,,,,-1.879999999999999,,,,,,,,0,-1,0,0,-1,31.69,1771,1657,38,27,1
C:\Users\liher\Games\Age of Empires 2 DE\76561198151543542\savegame\MP Replay v101.102.33868.0 @2023.12.30 204126 (1).aoe2record,1,27,-17,0,0,25,-20,0,-324,-320,-389,0,-79,-5,-1045,43,22,0,1.83,,1.75,-5.09,2.49,3.9399999999999995,0.5599999999999996,,,-0.03999999999999915,,,-11.25,,,,,,,,,,,0.45999999999999996,,,,,,,,,,2.6500000000000004,,,,,,,,,,,,,,0,1,0,0,1,27.28,1646,1619,37,39,0
C:\Users\liher\Games\Age of Empires 2 DE\76561198151543542\savegame\MP Replay v101.102.33868.0 @2023.12.30 205940 (2).aoe2record,3,-9,16,-14,4,-4,11,-52,3,-310,28,-137,27,5,-283,-89,-34,0,-1.5600000000000005,13.82,-2.5599999999999996,0.0,1.58,0.7599999999999998,1.870000000000001,-1.9699999999999989,1.4499999999999993,,,,13.74,,,,,,,2.59,,,,4.42,,,,,,,,,,3.630000000000001,,,,,,,,,,,,,-2.8299999999999983,2,-3,-2,0,0,41.83,1626,1629,29,20,0
C:\Users\liher\Games\Age of Empires 2 DE\76561198151543542\savegame\MP Replay v101.102.39418.0 @2024.03.08 232931 (1).aoe2record,-4,12,2,0,-5,8,-5,0,-275,-42,-174,0,-30,13,-404,-60,-3,0,2.459999999999999,-1.5599999999999987,0.9799999999999995,-4.709999999999999,1.3100000000000005,-0.7800000000000011,-0.6799999999999997,1.4600000000000009,,0.23000000000000043,,,-11.440000000000001,,,,,,,2.1999999999999993,,,,-1.2599999999999998,,,,,,,-1.3500000000000014,,,2.5,,,,,,,,,,,,,,0,0,0,0,0,24.35,1879,1847,8,25,0
C:\Users\liher\Games\Age of Empires 2 DE\76561198151543542\savegame\MP Replay v101.102.46236.0 @2024.05.04 235425 (1).aoe2record,-13,6,-24,3,-3,7,6,0,-29,498,395,14,14,2,644,156,57,0,0.7599999999999998,-4.259999999999998,4.829999999999999,-8.420000000000002,-2.4800000000000004,1.5600000000000023,-2.7299999999999995,0.9800000000000004,,,,,-2.49,,,,,,,,,,,4.69,,,,,,,,,,,,,,,,,,,,,,,,-2,3,1,0,0,37.85,1612,1634,38,3,1
C:\Users\liher\Games\Age of Empires 2 DE\76561198151543542\savegame\MP Replay v101.102.46236.0 @2024.05.05 211717 (1).aoe2record,0,4,33,-6,0,-6,51,-16,-156,2,217,-264,-19,-36,53,-458,116,0,6.389999999999999,-5.459999999999997,0.3099999999999996,-10.600000000000001,,1.25,-0.47999999999999954,0.13000000000000256,4.219999999999999,,,,-11.21,,,-0.010000000000001563,,,,,,15.91,,-0.17999999999999972,-0.7200000000000024,,,-9.129999999999999,-11.449999999999996,,-32.87,,,27.080000000000002,,,,,,-5.830000000000002,-7.050000000000001,,,,,,,1,-2,-1,1,-1,46.8,1862,1819,32,26,1
C:\Users\liher\Games\Age of Empires 2 DE\76561198151543542\savegame\MP Replay v101.102.46236.0 @2024.05.10 220138 (2).aoe2record,3,1,0,0,0,0,0,0,95,-65,0,0,5,-4,60,8,-27,0,0.3200000000000003,,1.3800000000000008,7.52,-1.9299999999999997,-0.7099999999999991,0.17999999999999972,,,,,,2.6500000000000004,,,,,,,,,,,0.20000000000000018,,,,,,,,,,,,,,,,,,,,,,,,0,-1,0,0,-1,18.67,1661,1615,11,42,0
C:\Users\liher\Games\Age of Empires 2 DE\76561198151543542\savegame\MP Replay v101.102.46236.0 @2024.05.10 222220 (1).aoe2record,3,7,24,0,0,-18,1,0,86,-24,69,0,13,5,-65,107,34,0,3.88,4.43,-0.9700000000000006,,-1.6300000000000008,-3.9499999999999993,-1.6300000000000008,-2.5500000000000007,,-8.130000000000003,,,,,,,,,,,,,,-0.45999999999999996,,,,,,,,,,-4.109999999999999,-6.850000000000001,,,,,,,,,,,,,0,0,1,-1,0,31.39,1633,1577,40,9,1
C:\Users\liher\Games\Age of Empires 2 DE\76561198151543542\savegame\MP Replay v101.102.46236.0 @2024.05.12 104130 (1).aoe2record,6,-9,0,0,0,6,2,0,119,20,25,0,28,-2,51,4,28,0,-0.4399999999999995,,-0.15000000000000036,0.4299999999999997,,-4.1,0.8199999999999994,-0.3100000000000023,,,,,-0.5500000000000007,,,,,,,,,,,0.8300000000000001,,,,,,,,,,,,,,,,,,,,,,,,0,0,1,0,-1,22.67,1646,1659,36,10,1
C:\Users\liher\Games\Age of Empires 2 DE\76561198151543542\savegame\MP Replay v101.102.46236.0 @2024.05.12 204312 (1).aoe2record,4,5,-2,0,-3,8,2,0,19,133,9,0,17,13,59,38,19,0,0.0,0.9199999999999982,2.84,,-1.1100000000000012,-0.8699999999999992,-0.08000000000000007,0.35999999999999943,,-4.600000000000001,,,,,,,,,,,,,,-0.040000000000000036,,,,,,,,,,-1.3900000000000006,0.41999999999999815,,,,,,,,,,,,,0,0,1,0,0,23.54,1647,1669,33,35,1
C:\Users\liher\Games\Age of Empires 2 DE\76561198151543542\savegame\MP Replay v101.102.47822.0 @2024.05.17 225605 (1).aoe2record,-12,1,0,0,4,1,0,0,26,29,0,0,29,-6,3,19,6,0,,,-1.9399999999999995,,,,-0.41999999999999993,,,,,,,,,,,,,,,,,-0.41000000000000014,,,,,,,,,,,,,,,,,,,,,,,,0,-1,1,0,0,10.54,1664,1675,5,2,1
C:\Users\liher\Games\Age of Empires 2 DE\76561198151543542\savegame\MP Replay v101.102.47822.0 @2024.05.18 090737 (1).aoe2record,-5,-12,0,0,0,-8,0,0,98,-30,0,0,-11,15,115,11,-11,0,,,0.16999999999999993,,-4.859999999999999,-1.5200000000000014,0.08000000000000007,,,,,,,,,,,,,,,,,-0.6500000000000004,,,,,,,,,,-3.1500000000000004,,,,,,,,,,,,,,0,-1,0,0,0,18.34,1622,1650,12,30,1
C:\Users\liher\Games\Age of Empires 2 DE\76561198151543542\savegame\MP Replay v101.102.47822.0 @2024.05.18 101832 (1).aoe2record,9,8,-13,31,0,-6,-37,73,-69,-130,-208,28,-166,-8,31,-194,-71,0,-3.76,-11.399999999999999,-0.6899999999999995,-10.950000000000001,0.9900000000000002,-1.58,-0.4499999999999993,1.879999999999999,-0.5700000000000003,-10.530000000000001,-8.239999999999998,,-7.529999999999999,,,-8.120000000000001,,7.830000000000002,,-13.05,,,,5.75,-0.36999999999999744,1.5600000000000023,3.3299999999999983,,,,8.160000000000004,,,-2.59,1.870000000000001,9.479999999999997,,,,-11.57,-9.41,,,,,,,4,7,2,2,0,48.4,1901,2034,20,6,0
C:\Users\liher\Games\Age of Empires 2 DE\76561198151543542\savegame\MP Replay v101.102.47822.0 @2024.05.18 114655 (1).aoe2record,0,7,0,0,0,-2,0,0,83,8,0,0,-24,9,141,1,-36,0,-3.539999999999999,,-0.0600000000000005,0.3500000000000014,,-0.6500000000000021,0.33000000000000007,,,,,,,,,,,,,,,,,-0.09999999999999964,,,,,,,,,,,,,,,,,,,,,,,,0,0,0,0,0,17.95,1726,1742,22,19,0
C:\Users\liher\Games\Age of Empires 2 DE\76561198151543542\savegame\MP Replay v101.102.47822.0 @2024.05.18 232619 (1).aoe2record,-6,6,0,0,-1,5,0,0,87,310,0,0,31,4,266,88,8,0,,,-0.41000000000000014,,-1.1999999999999993,0.23000000000000043,-1.3000000000000007,,,,,,,,,,,,,,,,,-1.4400000000000004,,,,,,,,,,,,,,,,,,,,,,,,0,0,0,0,0,15.42,1838,1842,13,31,1
C:\Users\liher\Games\Age of Empires 2 DE\76561198151543542\savegame\MP Replay v101.102.47822.0 @2024.05.19 095942 (2).aoe2record,-1,-3,-81,13,0,-4,-158,72,13,-71,-528,552,131,0,51,11,-51,0,-0.5199999999999996,0.6899999999999977,-1.2200000000000006,-10.559999999999999,3.9299999999999997,3.039999999999999,0.11000000000000032,0.33000000000000185,-11.82,-2.0799999999999983,,,-24.4,,,,,,,-11.530000000000001,,18.43,,0.7199999999999998,-7.869999999999997,,,,,,,,,-0.4499999999999993,18.44,,,,,,-0.9299999999999997,,,,,,,-6,2,-2,-3,1,50.29,1685,1697,23,31,1
C:\Users\liher\Games\Age of Empires 2 DE\76561198151543542\savegame\MP Replay v101.102.48944.0 @2024.06.21 234028 (1).aoe2record,-1,-2,56,-35,0,-14,48,48,-232,-203,11,-275,-177,6,-587,-73,42,0,-2.0,-16.32,0.3099999999999996,-7.470000000000001,2.76,6.360000000000001,0.3600000000000003,-0.00999999999999801,2.989999999999995,,,,-10.299999999999999,,,-0.16000000000000014,,,,0.4499999999999993,-4.119999999999997,,,-0.1200000000000001,-9.849999999999998,-8.030000000000001,,7.25,,,-17.590000000000003,-4.230000000000004,,5.629999999999999,16.240000000000002,,-9.939999999999998,,,,9.280000000000001,,,,,,,7,5,0,0,0,44.13,1702,1645,36,26,1
C:\Users\liher\Games\Age of Empires 2 DE\76561198151543542\savegame\MP Replay v101.102.48944.0 @2024.06.26 224234 (2).aoe2record,9,0,-21,0,2,6,20,0,182,-214,-58,0,-18,3,15,-21,-51,0,-4.9,1.259999999999998,0.1800000000000006,10.59,2.67,7.299999999999999,0.8300000000000001,0.23000000000000043,,,,,,,,,,,,,,,,0.3099999999999996,0.05000000000000071,,,,,,0.5700000000000003,,,,,,,,,,,,,,,,,0,0,0,0,0,27.02,1665,1715,29,2,0
C:\Users\liher\Games\Age of Empires 2 DE\76561198151543542\savegame\MP Replay v101.102.48944.0 @2024.06.27 202430 (2).aoe2record,2,1,59,-54,0,9,52,141,-86,-53,51,-606,-120,2,-64,-258,-2,0,-0.47000000000000064,-13.47,0.4400000000000004,26.78,0.21000000000000085,4.029999999999999,0.1900000000000004,0.5,3.879999999999999,2.0199999999999996,-8.11,,-8.409999999999998,9.950000000000003,,21.129999999999995,,,,-21.439999999999998,-25.93,-1.0899999999999963,,-5.8,-7.960000000000001,-19.889999999999993,,15.530000000000008,2.549999999999997,,2.6899999999999977,-23.410000000000004,,1.1000000000000014,0.17999999999999972,3.9299999999999997,,,,,,,,,,,,16,13,21,1,0,71.84,1691,1729,6,25,1
C:\Users\liher\Games\Age of Empires 2 DE\76561198151543542\savegame\MP Replay v101.102.48944.0 @2024.06.27 212141 (1).aoe2record,-2,6,0,0,0,4,0,0,38,136,0,0,37,-4,59,33,27,0,,,,,,,-1.75,,,,,,,,,,,,,,,,,-1.6400000000000006,,,,,,,,,,,,,,,,,,,,,,,,-1,1,0,0,0,11.62,1725,1749,28,39,1
C:\Users\liher\Games\Age of Empires 2 DE\76561198151543542\savegame\MP Replay v101.102.48944.0 @2024.06.27 224534 (1).aoe2record,-1,28,-8,0,0,0,-4,0,-199,-456,-316,0,3,16,-803,-198,-6,0,-17.64,2.66,1.1199999999999992,,,1.75,0.3600000000000003,,,,,,,,,,,,,,,,,0.5200000000000005,,,,,,,,,,1.7100000000000009,,,,,,,,,,,,,,0,-1,-1,0,0,24.71,2042,1961,34,19,1
C:\Users\liher\Games\Age of Empires 2 DE\76561198151543542\savegame\MP Replay v101.102.51668.0 @2024.07.17 223111 (2).aoe2record,-9,3,0,0,0,-15,0,0,233,494,-7,0,-60,-7,693,45,73,0,-5.59,,-2.2800000000000002,,0.08000000000000007,1.3399999999999999,-0.8600000000000003,1.6600000000000001,,-3.8000000000000007,,,,,,,,,,,,,,5.590000000000001,,,,,,,,,,0.6600000000000001,,,,,,,,,,,,,,-1,1,0,0,0,20.62,1705,1745,20,16,0
C:\Users\liher\Games\Age of Empires 2 DE\76561198151543542\savegame\MP Replay v101.102.52940.0 @2024.07.20 130535 (1).aoe2record,3,-1,3,0,1,-2,34,0,47,16,188,0,59,2,-3,132,5,0,0.9199999999999999,-8.45,0.08000000000000007,7.710000000000001,-2.8200000000000003,-3.0199999999999996,0.39000000000000057,-0.33999999999999986,,,,,-9.62,,,14.100000000000001,,,,,,13.089999999999996,,2.8500000000000005,,,,,,,-5.439999999999998,,,-1.009999999999998,-1.4600000000000009,,,,,,,,,,,,,1,3,0,0,0,34.61,1759,1769,29,12,1
C:\Users\liher\Games\Age of Empires 2 DE\76561198151543542\savegame\MP Replay v101.102.52940.0 @2024.07.20 144502 (1).aoe2record,3,8,-29,21,0,-12,-44,0,-209,-209,-1222,-35,-158,13,-426,-149,-834,0,0.5400000000000009,-0.46000000000000085,0.9800000000000004,0.16999999999999993,,1.3699999999999992,-0.08000000000000007,3.1300000000000026,-2.740000000000002,,,,1.67,8.850000000000001,,-16.130000000000003,,,,,,0.5799999999999983,,-0.21999999999999975,-1.7199999999999989,2.1199999999999974,-3.219999999999999,16.06,5.84,,-21.810000000000002,-12.189999999999998,0.5399999999999991,23.45,,,7.41,,,-21.02,-13.099999999999998,,,,,,,0,-4,-1,-1,0,43.4,1833,1888,37,8,1
C:\Users\liher\Games\Age of Empires 2 DE\76561198151543542\savegame\MP Replay v101.102.52940.0 @2024.07.21 111636 (1).aoe2record,1,20,21,7,0,1,7,15,-91,-91,218,369,79,1,-143,124,126,0,-3.3,-1.2600000000000016,-0.5500000000000007,9.080000000000002,-3.209999999999999,2.4899999999999984,-0.09999999999999964,-0.8900000000000006,-0.5499999999999972,8.790000000000006,7.289999999999999,,0.2699999999999996,6.770000000000003,,-1.3200000000000003,15.950000000000003,-9.560000000000002,,12.020000000000001,-2.1700000000000017,-0.5300000000000011,,-3.6800000000000006,,,,-12.129999999999999,-12.209999999999997,,-19.04,-7.580000000000005,-8.169999999999995,20.279999999999998,15.790000000000003,5.490000000000002,,,-2.479999999999997,14.939999999999998,2.480000000000004,,,,,,4.549999999999997,-10,11,4,0,0,54.69,2414,2489,20,22,0
C:\Users\liher\Games\Age of Empires 2 DE\76561198151543542\savegame\MP Replay v101.102.52940.0 @2024.07.21 170834 (2).aoe2record,-8,-2,4,0,-4,-7,-13,0,180,151,-62,0,-21,14,334,-54,37,0,-4.66,-2.6099999999999994,0.7400000000000002,-11.129999999999999,0.7999999999999989,-2.8499999999999996,-0.6900000000000004,0.5500000000000007,,2.3900000000000006,,,,,,-0.19000000000000128,,,,,,,,-1.0300000000000002,,,,,,,,,,-2.5199999999999996,0.6900000000000013,,,,,,,,,,,,,0,0,1,0,0,27.16,1755,1775,20,5,0
C:\Users\liher\Games\Age of Empires 2 DE\76561198151543542\savegame\MP Replay v101.102.52940.0 @2024.07.21 182239 (1).aoe2record,-7,-4,8,31,0,-19,-73,71,-229,-260,-622,300,-38,-16,-651,-124,-6,0,0.39000000000000057,-5.029999999999999,-0.9299999999999997,,,-2.2200000000000006,0.3199999999999994,-2.16,,,,,-10.96,,,0.629999999999999,,,,5.899999999999999,,,,0.9899999999999993,-6.049999999999997,,,4.840000000000003,5.1399999999999935,,,,,8.39,9.920000000000002,,4.109999999999999,,,,,,,,,,,0,6,-2,0,0,44.87,1655,1671,43,18,1
C:\Users\liher\Games\Age of Empires 2 DE\76561198151543542\savegame\MP Replay v101.102.52940.0 @2024.07.21 195250 (2).aoe2record,3,7,0,0,3,-1,0,0,139,203,0,0,12,4,238,102,-12,0,1.9700000000000006,,-2.88,,0.7300000000000004,1.790000000000001,-0.20999999999999996,,,,,,,,,,,,,,,,,-0.8300000000000001,,,,,,,,,,,,,,,,,,,,,,,,0,-1,0,0,0,16.24,1784,1790,20,1,0
C:\Users\liher\Games\Age of Empires 2 DE\76561198151543542\savegame\MP Replay v101.102.52940.0 @2024.07.21 201844 (2).aoe2record,-2,12,-2,0,0,1,-24,0,23,608,196,0,-13,-2,410,-7,443,0,-0.08999999999999986,2.200000000000003,-1.4000000000000004,,,2.2200000000000006,-1.1600000000000001,1.5599999999999987,,,,,-2.09,,,,,,,,,,,-1.7599999999999998,-2.66,,,,,,,,,,,,,,,,,,,,,,,-2,3,-1,0,0,29.34,1789,1806,45,43,1
C:\Users\liher\Games\Age of Empires 2 DE\76561198151543542\savegame\MP Replay v101.102.52940.0 @2024.07.21 204421 (1).aoe2record,6,0,-15,0,0,0,-5,0,-242,-441,-198,0,2,-31,-767,-31,-37,0,-5.57,-7.170000000000002,0.5500000000000007,-12.59,0.6999999999999993,-1.1600000000000001,0.20999999999999996,0.75,,,,,,,,,,,,,,,,3.540000000000001,,,,,,,,,,-1.3399999999999999,,,,,,,,,,,,,,-1,0,-2,0,0,39.25,1789,1764,29,7,0
C:\Users\liher\Games\Age of Empires 2 DE\76561198151543542\savegame\MP Replay v101.102.52940.0 @2024.08.04 110604 (1).aoe2record,-1,0,15,-33,0,1,-42,-6,-158,-24,-434,-157,-10,-5,-101,-94,-504,0,6.02,6.169999999999998,0.7399999999999993,,0.7799999999999994,-1.629999999999999,-0.8099999999999996,1.7400000000000002,1.6499999999999986,-16.27,1.5,,-14.139999999999999,,,,,,,7.050000000000001,,,,-0.6200000000000001,2.469999999999999,,,,,,,,,-0.20000000000000284,1.4400000000000013,1.2700000000000031,,,0.9000000000000057,,,,,,,,1.4199999999999946,5,-5,3,0,0,43.51,2443,2139,33,9,0
C:\Users\liher\Games\Age of Empires 2 DE\76561198151543542\savegame\MP Replay v101.102.52940.0 @2024.08.28 194221 (2).aoe2record,8,8,-1,0,0,2,27,0,115,233,0,0,9,0,302,37,-46,0,-8.06,,1.29,10.91,,-3.0,1.0699999999999994,1.629999999999999,,,,,,,,,,,,,,,,0.4400000000000004,,,,,,,,,,,,,,,,1.5599999999999987,,,,,,,,0,0,3,0,-3,28.51,1738,1747,33,45,1
C:\Users\liher\Games\Age of Empires 2 DE\76561198151543542\savegame\MP Replay v101.102.52940.0 @2024.08.28 200356 (2).aoe2record,1,-15,-13,-2,0,-15,-2,-15,357,-282,518,-30,24,-12,652,82,-99,0,,-6.119999999999999,-0.06999999999999851,-7.9,,9.93,0.3899999999999997,-6.389999999999999,0.8399999999999963,,,,1.92,,,,,,,-20.03,,8.170000000000002,,7.109999999999999,-2.25,-0.7999999999999972,,,,,-1.3900000000000006,-2.789999999999999,,20.1,-1.5600000000000023,,,,,8.189999999999998,-5.68,,,,,,,0,-4,-2,0,0,44.76,1694,1731,45,6,1
C:\Users\liher\Games\Age of Empires 2 DE\76561198151543542\savegame\MP Replay v101.102.52940.0 @2024.08.31 181346 (1).aoe2record,-1,0,41,-6,0,15,44,5,-118,126,309,6,143,12,-126,176,61,0,0.3200000000000003,-3.9800000000000004,-27.930000000000003,8.090000000000002,,-4.640000000000001,0.020000000000000462,1.0999999999999996,2.950000000000003,,,,10.029999999999998,,,,,,,13.100000000000001,1.740000000000002,,,0.6600000000000001,-6.5,2.0600000000000023,,-7.009999999999998,,,,,,-23.150000000000002,,,4.57,,,,,,,4.549999999999997,,,,4,-5,3,-1,0,43.51,1713,1731,40,37,0
C:\Users\liher\Games\Age of Empires 2 DE\76561198151543542\savegame\MP Replay v101.102.52940.0 @2024.08.31 184540 (1).aoe2record,3,-1,0,-3,0,-2,4,45,-150,-184,-107,52,-40,-6,-426,-102,37,0,2.92,3.8900000000000006,-0.3799999999999999,-0.33999999999999986,,2.6099999999999994,-0.14000000000000057,0.0400000000000027,-0.6599999999999966,,,,-18.31,,,,,,,-7.790000000000003,,,,0.14000000000000057,-13.009999999999998,,,,,,-11.0,-7.859999999999996,,,,,,,,-9.739999999999998,13.700000000000003,,,,,,,4,1,-1,0,0,38.94,1698,1627,38,27,1
C:\Users\liher\Games\Age of Empires 2 DE\76561198151543542\savegame\MP Replay v101.102.52940.0 @2024.09.01 181230 (2).aoe2record,3,-7,-17,0,0,-16,32,0,244,764,585,0,-5,-11,813,91,780,0,-2.830000000000001,-9.950000000000003,-0.13999999999999968,,,-1.7599999999999998,0.1200000000000001,-2.5199999999999996,,,,,-1.2799999999999976,,,-3.169999999999998,,,,,,,,-0.20000000000000018,,,,,,,,,,,,,,,,,,,,,,,,-1,3,-1,0,0,30.99,1817,1711,22,29,1
C:\Users\liher\Games\Age of Empires 2 DE\76561198151543542\savegame\MP Replay v101.102.52940.0 @2024.09.01 183424 (2).aoe2record,-1,-3,11,17,0,-12,4,5,-87,5,-127,-6,-75,-6,95,-197,-57,0,-2.1500000000000004,8.490000000000002,-0.21000000000000085,-12.61,4.219999999999999,1.8099999999999987,-0.41000000000000014,-0.4399999999999977,-0.1599999999999966,,,,-26.6,,,,,,,,,,,2.76,,,,,,,,,,11.93,11.470000000000002,3.8200000000000003,,,,,,,,,,,,-1,3,1,0,0,42.26,1625,1700,42,18,0
C:\Users\liher\Games\Age of Empires 2 DE\76561198151543542\savegame\MP Replay v101.102.52940.0 @2024.09.02 202908 (1).aoe2record,2,10,0,0,0,25,-4,0,-194,-88,-11,0,3,0,-436,71,66,0,4.760000000000001,,-0.7200000000000006,-0.29999999999999893,-3.66,1.25,-0.1200000000000001,,,,,,-1.709999999999999,,,,,,,,,,,0.6100000000000003,-1.3500000000000014,,,,,,,,,-1.9400000000000013,,,,,,,,,,,,,,0,-1,2,0,0,24.02,1713,1783,24,4,0
C:\Users\liher\Games\Age of Empires 2 DE\76561198151543542\savegame\MP Replay v101.102.52940.0 @2024.09.02 204645 (2).aoe2record,-1,1,-21,4,0,-6,-55,-14,84,168,-258,-8,-10,5,265,-72,-45,0,-4.24,3.0700000000000003,-0.7199999999999998,5.110000000000001,-0.11000000000000121,-3.210000000000001,0.5099999999999998,2.66,-0.0799999999999983,17.270000000000003,,,-16.34,-16.709999999999997,,,,,,-7.450000000000003,-6.259999999999998,-17.22,,0.17999999999999972,-8.409999999999997,-2.1900000000000013,,,,,,,,-3.8299999999999983,17.260000000000005,,,,,,,,,,,,,-6,1,1,0,0,42.42,1664,1700,14,39,0
C:\Users\liher\Games\Age of Empires 2 DE\76561198151543542\savegame\MP Replay v101.102.52940.0 @2024.09.02 215056 (2).aoe2record,-6,7,-59,1,0,9,-43,-5,101,344,259,186,-34,4,956,2,66,0,-4.01,3.9399999999999977,0.6800000000000006,0.08999999999999986,,2.4400000000000013,0.04999999999999982,1.5599999999999987,-2.8099999999999987,,,,-0.3899999999999988,-3.1600000000000037,,,,,,-2.4200000000000017,,-15.229999999999997,,0.3899999999999997,8.220000000000002,7.310000000000002,,,,,2.8000000000000007,,,-17.540000000000003,,,,,,2.4499999999999993,,,,,,,,0,-2,1,0,0,39.54,1676,1714,10,26,0
C:\Users\liher\Games\Age of Empires 2 DE\76561198151543542\savegame\MP Replay v101.102.52940.0 @2024.09.04 215406 (2).aoe2record,0,-23,-25,-6,0,2,15,-18,-70,-380,-21,-106,-64,11,-228,-76,-32,0,-6.260000000000001,,0.03000000000000025,1.17,,-6.309999999999999,0.8300000000000001,-1.9799999999999969,,,,,-1.1400000000000006,,,-10.98,,-2.8100000000000023,,12.529999999999998,,0.12999999999999545,,4.64,-5.120000000000001,,,,,,,,,,,,,,,-3.1199999999999974,,,,,,,,1,-3,-1,-2,-2,37.8,1697,1728,14,34,0
C:\Users\liher\Games\Age of Empires 2 DE\76561198151543542\savegame\MP Replay v101.102.52940.0 @2024.09.05 201958 (1).aoe2record,-1,18,-2,0,-2,-3,-3,0,-181,-187,-52,0,-7,12,-417,-43,33,0,-0.5899999999999999,,2.9800000000000004,-3.880000000000001,-1.0600000000000005,-2.8900000000000006,-1.3399999999999999,,,,,,0.45000000000000107,,,,,,,,,,,-3.06,,,,,,,-5.690000000000001,,,-3.1899999999999995,,,,,,,,,,,,,,0,2,-1,1,1,26.28,1743,1782,3,11,0
C:\Users\liher\Games\Age of Empires 2 DE\76561198151543542\savegame\MP Replay v101.102.52940.0 @2024.09.05 205741 (2).aoe2record,-4,1,0,0,0,-2,0,0,-122,127,0,0,-27,-12,114,-85,4,0,-3.119999999999999,,-1.7999999999999998,,1.4900000000000002,-4.100000000000001,-1.3900000000000006,,,,,,,,,,,,,,,,,0.009999999999999787,,,,,,,,,,,,,,,,,,,,,,,,0,1,-1,0,0,17.84,1744,1711,8,40,1
C:\Users\liher\Games\Age of Empires 2 DE\76561198151543542\savegame\MP Replay v101.102.52940.0 @2024.09.05 211019 (2).aoe2record,-2,-7,0,0,2,6,0,0,-7,-17,0,0,-18,-1,82,-43,-27,0,0.33999999999999986,,-2.2299999999999995,,-0.10000000000000142,-1.1899999999999995,0.5899999999999999,,,,,,,,,,,,,,,,,-0.019999999999999574,,,,,,,,,,,,,,,,,,,,,,,,0,1,0,0,0,16.31,1689,1697,18,44,0
C:\Users\liher\Games\Age of Empires 2 DE\76561198151543542\savegame\MP Replay v101.102.52940.0 @2024.09.05 212257 (2).aoe2record,0,-3,0,0,5,-1,0,0,44,-82,0,0,-13,-17,66,-72,-19,0,,,-2.1399999999999997,,,,1.2999999999999998,,,,,,,,,,,,,,,,,1.5900000000000007,,,,,,,,,,,,,,,,,,,,,,,,0,-1,-1,0,0,12.4,1673,1713,29,33,0
C:\Users\liher\Games\Age of Empires 2 DE\76561198151543542\savegame\MP Replay v101.102.52940.0 @2024.09.05 213240 (1).aoe2record,-13,1,-1,5,-1,-7,-20,39,-47,88,-261,202,12,-5,-224,39,63,0,9.2,-20.740000000000002,0.009999999999999787,-24.830000000000005,4.07,4.669999999999998,-1.21,-0.740000000000002,-3.3200000000000003,9.629999999999999,17.21,,-17.59,,,,,,,-1.870000000000001,-8.880000000000003,,,-1.1899999999999995,-7.640000000000001,,,,,,-8.77,,,11.700000000000003,17.87,,,,,,-1.7800000000000011,,,,,,,-5,11,2,0,1,41.99,1727,1747,23,29,1
C:\Users\liher\Games\Age of Empires 2 DE\76561198151543542\savegame\MP Replay v101.102.52940.0 @2024.09.06 215122 (2).aoe2record,-2,-12,27,0,0,-8,13,0,89,9,556,0,-43,13,511,-28,131,0,-2.0299999999999994,6.93,0.3799999999999999,0.4299999999999997,-1.7100000000000009,0.9000000000000021,0.08999999999999986,-3.219999999999999,,,,,7.01,,,,,,,-10.319999999999997,,,,-0.8199999999999994,,,,,,,,,,-3.2200000000000024,,,,,,,,,,,,,,0,0,0,0,0,33.54,1899,1744,20,45,1
C:\Users\liher\Games\Age of Empires 2 DE\76561198151543542\savegame\MP Replay v101.102.52940.0 @2024.09.06 221556 (1).aoe2record,3,1,43,35,0,3,-23,73,-119,-155,-418,-26,-1,-2,-696,37,-141,0,2.5999999999999996,2.280000000000001,0.16000000000000014,-0.11999999999999922,,-2.1899999999999977,-0.23000000000000043,-0.46000000000000085,-1.9399999999999977,14.96,,,-7.610000000000001,13.650000000000002,,,,,,0.7399999999999984,3.8399999999999963,17.63,,-0.17999999999999972,-23.900000000000002,,,,,,-24.529999999999998,-10.829999999999998,,17.06,18.109999999999996,,,,,-1.8399999999999963,-1.8299999999999983,,,,,,,2,3,-1,0,0,48.08,1735,1755,30,41,0
C:\Users\liher\Games\Age of Empires 2 DE\76561198151543542\savegame\MP Replay v101.102.52940.0 @2024.09.06 224945 (2).aoe2record,-1,2,-9,12,0,2,-14,-28,57,-106,-236,7,32,-1,-93,-58,-57,0,0.0600000000000005,5.960000000000001,-0.7300000000000004,-0.1399999999999988,,-0.6799999999999997,0.02999999999999936,-0.0799999999999983,-0.4400000000000013,,,,-6.920000000000002,-1.9100000000000037,,0.33999999999999986,,,,0.5899999999999999,-0.22000000000000242,-0.05000000000000071,,5.420000000000001,-0.3100000000000023,8.219999999999999,2.740000000000002,,,,-1.3499999999999979,0.6899999999999977,2.270000000000003,4.789999999999999,,,,,,0.08999999999999986,-6.309999999999999,,,,,,,0,4,0,0,0,42.43,1719,1720,8,6,0
C:\Users\liher\Games\Age of Empires 2 DE\76561198151543542\savegame\MP Replay v101.102.52940.0 @2024.09.08 205140 (2).aoe2record,-1,0,-12,8,0,-4,5,-47,-16,21,6,-215,-96,-11,8,-17,-25,0,0.4800000000000004,,-1.8399999999999999,-16.11,13.709999999999999,-5.07,-0.45999999999999996,0.6699999999999982,3.299999999999997,8.77,,,0.46999999999999886,,,0.10999999999999943,,,,22.75,,,,-1.0099999999999998,,,,,,,-21.95,,,4.02,4.640000000000001,4.0,,,,-11.09,10.170000000000002,,,,,,,0,-2,-1,0,-1,45.51,1726,1736,32,31,0
C:\Users\liher\Games\Age of Empires 2 DE\76561198151543542\savegame\MP Replay v101.102.52940.0 @2024.09.17 001154 (2).aoe2record,-1,-9,0,0,0,-4,0,0,282,-57,0,0,4,2,190,58,1,0,3.21,,1.5600000000000005,1.8599999999999994,,,1.9000000000000004,,,,,,,,,,,,,,,,,1.33,,,,,,,,,,,,,,,,,,,,,,,,0,0,0,0,1,12.67,1708,1752,24,33,0
C:\Users\liher\Games\Age of Empires 2 DE\76561198151543542\savegame\MP Replay v101.102.52940.0 @2024.09.17 002657 (2).aoe2record,0,0,-43,0,0,17,-22,0,0,10,216,0,32,-1,128,-35,126,0,-5.06,3.360000000000001,0.0,0.08000000000000007,,-2.539999999999999,0.0600000000000005,0.1999999999999993,,,,,-0.9500000000000011,,,,,,,,,,,-0.15000000000000036,-0.28999999999999915,,,,,,,,,,,,,,,,,,,,,,,0,-3,2,0,0,36.86,1833,1766,45,23,1
C:\Users\liher\Games\Age of Empires 2 DE\76561198151543542\savegame\MP Replay v101.102.52940.0 @2024.09.17 011623 (2).aoe2record,-2,7,-5,3,0,12,-35,33,402,673,484,220,84,5,877,-7,797,0,1.0,,0.08999999999999986,26.259999999999998,-6.719999999999999,1.25,0.3600000000000003,2.129999999999999,0.22000000000000242,,,,-3.5599999999999987,,,,,,,-8.570000000000004,,5.960000000000001,,0.6500000000000004,,,,,,,,,,-3.219999999999999,2.0400000000000027,-1.3500000000000014,,,,,0.5500000000000043,,,,,,0.23999999999999488,0,1,-3,0,-1,43.4,1724,1740,18,30,1
C:\Users\liher\Games\Age of Empires 2 DE\76561198151543542\savegame\MP Replay v101.102.52940.0 @2024.09.17 014815 (2).aoe2record,-6,-2,-81,-4,0,-1,-56,9,-74,-219,-187,-11,-40,-7,-176,-45,-19,0,3.33,-0.7099999999999991,-0.23000000000000043,8.030000000000001,-0.09999999999999964,-4.1899999999999995,0.2699999999999996,-0.34999999999999787,0.25,-5.110000000000001,-4.050000000000004,,7.93,,,18.4,,,,,,,,-0.3600000000000003,-1.1900000000000013,,,,,,-19.690000000000005,-19.78,,-4.460000000000001,9.150000000000002,,,,,-1.6900000000000013,,,,,,,,-3,-1,1,0,0,43.54,1721,1723,9,43,1
C:\Users\liher\Games\Age of Empires 2 DE\76561198151543542\savegame\MP Replay v101.102.52940.0 @2024.09.17 021719 (2).aoe2record,-7,8,-27,-2,0,11,-13,-28,-11,-62,-23,-155,-34,10,-52,-90,-12,0,-0.16000000000000014,1.5,-0.47000000000000064,10.209999999999999,-1.9800000000000004,-4.020000000000001,-0.10999999999999943,1.2600000000000016,3.259999999999998,,,,9.669999999999998,,,-1.75,,,,-4.91,-3.989999999999995,-2.0700000000000003,,-0.7599999999999998,9.55,-0.490000000000002,,,,,11.77,2.509999999999998,,-22.450000000000003,,,,,,2.330000000000002,-8.670000000000002,,,,,,,0,0,0,0,0,37.45,1735,1707,33,27,0
C:\Users\liher\Games\Age of Empires 2 DE\76561198151543542\savegame\MP Replay v101.102.52940.0 @2024.10.10 133427 (2).aoe2record,-9,-6,0,3,0,-9,22,1,9,34,110,32,21,-5,97,-63,165,0,-0.11999999999999922,-6.970000000000001,-0.33999999999999986,,1.1600000000000001,3.26,-0.54,-2.509999999999998,-2.5800000000000054,,,,,,,,,,,12.459999999999999,,,,-1.1500000000000004,,,,,,,,,,3.5600000000000005,-3.479999999999997,,,,,,,,,,,,,1,1,3,0,1,37.13,1762,1713,9,18,0
C:\Users\liher\Games\Age of Empires 2 DE\76561198151543542\savegame\MP Replay v101.102.52940.0 @2024.10.10 153947 (1).aoe2record,8,-6,-9,0,0,-6,20,0,71,140,-140,-4,11,0,18,58,13,0,4.659999999999999,-1.7699999999999996,0.5499999999999998,-1.8800000000000008,2.49,1.8200000000000003,0.20999999999999996,1.3900000000000006,,-4.890000000000001,,,-8.67,-2.0700000000000003,,1.7100000000000009,,,,-9.14,,,,0.07000000000000028,,,,,,,-14.129999999999999,,,1.6499999999999986,7.93,,,,,,,4.18,,,,,,0,3,-1,0,0,36.66,1790,1796,7,24,0
C:\Users\liher\Games\Age of Empires 2 DE\76561198151543542\savegame\MP Replay v101.102.52940.0 @2024.10.10 213238 (1).aoe2record,6,7,-8,37,0,-1,-60,40,-41,-223,-328,148,6,19,-653,58,35,0,-2.76,-23.47,0.45999999999999996,12.840000000000002,-0.5200000000000014,-5.300000000000001,0.34999999999999964,1.6500000000000021,-4.150000000000006,,,,-1.7299999999999986,,,-17.08,,,,-6.450000000000003,,,,-2.26,11.969999999999999,,,,,,,,,-2.9499999999999993,-18.44,-5.400000000000006,,,,,,,,,,,,3,-9,-1,0,0,46.95,1731,1731,25,38,1
C:\Users\liher\Games\Age of Empires 2 DE\76561198151543542\savegame\MP Replay v101.102.52940.0 @2024.10.12 001927 (1).aoe2record,-1,1,7,-6,0,-1,12,-1,143,243,373,-71,33,14,169,184,256,0,3.490000000000001,-7.010000000000002,,-0.05000000000000071,,-0.3200000000000003,-0.2699999999999996,0.4200000000000017,,,,,-0.15000000000000036,,,7.420000000000002,,,,-13.550000000000002,,,,-3.2399999999999993,,,,,,,,,,,,,,,,0.6000000000000014,-0.4700000000000024,,,,,,,1,2,-6,0,0,35.41,1864,2003,20,28,0
C:\Users\liher\Games\Age of Empires 2 DE\76561198151543542\savegame\MP Replay v101.102.52940.0 @2024.10.13 164935 (1).aoe2record,8,2,4,0,0,-18,17,8,-32,-143,77,21,17,0,-310,15,5,0,5.14,11.05,-0.7099999999999991,-17.75,3.370000000000001,5.390000000000001,-0.3099999999999996,-1.110000000000003,,0.1700000000000017,,,,,,,,,,-2.3699999999999974,,,,-1.2199999999999998,,,,,,,,,,5.390000000000001,1.240000000000002,,,,,,,,,,,,,0,4,-2,0,0,39.19,1747,1747,28,33,1
C:\Users\liher\Games\Age of Empires 2 DE\76561198151543542\savegame\MP Replay v101.102.52940.0 @2024.10.14 221233 (2).aoe2record,12,-15,32,0,0,-20,-23,0,350,-347,376,-9,32,0,203,192,-33,0,-2.8900000000000006,-8.870000000000001,-0.009999999999999787,-8.4,,2.549999999999999,2.8100000000000005,-4.1800000000000015,,,,,-4.789999999999999,,,15.879999999999995,,,,,,15.51,,2.4299999999999997,,,,,,,,,,22.590000000000003,,,,,,,,,,,,,,0,0,-3,1,2,35.2,1732,1763,9,25,0
C:\Users\liher\Games\Age of Empires 2 DE\76561198151543542\savegame\MP Replay v101.102.52940.0 @2024.10.15 215152 (2).aoe2record,-2,10,46,-24,-4,-7,35,-270,397,603,616,87,235,13,1068,27,366,0,2.5,18.99,0.8099999999999987,-9.299999999999999,1.790000000000001,0.22000000000000242,-1.1499999999999995,0.3200000000000003,4.3899999999999935,13.669999999999998,,,-6.890000000000001,-6.259999999999998,,,,,,1.379999999999999,-6.539999999999999,15.669999999999998,,-0.5200000000000005,-8.71,5.979999999999997,11.899999999999999,,,,-25.029999999999998,,,2.5,,,,,,,-12.829999999999998,,,,,,,-5,2,3,1,0,51.28,1754,1760,27,13,0
C:\Users\liher\Games\Age of Empires 2 DE\76561198151543542\savegame\MP Replay v101.102.59747.0 @2024.10.19 000518 (1).aoe2record,9,6,-41,-10,0,1,-41,-1,569,687,276,-75,-121,16,804,-58,1040,0,-6.09,0.8499999999999996,-1.9200000000000008,,2.25,0.0,-0.5600000000000005,2.0999999999999996,,,,,-8.17,,,,,,,2.1199999999999974,,,,0.009999999999999787,,,,,,,,,,0.05999999999999872,-0.5100000000000016,,,,,,,,,,,,,0,-4,1,0,0,41.37,2255,2278,39,3,0
C:\Users\liher\Games\Age of Empires 2 DE\76561198151543542\savegame\MP Replay v101.102.59747.0 @2024.10.19 175513 (2).aoe2record,33,-43,0,0,23,-17,0,0,597,-727,0,0,-6,34,-12,-71,-25,0,0.2400000000000002,,-4.41,,,,,,,,,,,,,,,,,,,,,-3.19,,,,,,,,,,,,,,,,,,,,,,,,0,0,-1,-2,-1,26.19,1723,1776,44,30,0
C:\Users\liher\Games\Age of Empires 2 DE\76561198151543542\savegame\MP Replay v101.102.59747.0 @2024.10.20 161605 (2).aoe2record,-4,-3,16,-53,4,6,79,9,-3,-47,131,-247,-30,-14,35,-89,-15,0,-1.8399999999999999,1.8299999999999983,-2.2,,-0.33999999999999986,-1.1300000000000008,-0.28000000000000025,0.1700000000000017,3.469999999999999,-6.0600000000000005,,,-0.23999999999999844,,,-0.21999999999999886,,,,-6.129999999999999,1.1799999999999997,,,-6.49,-12.420000000000002,,,,,,,,,-1.67,0.14000000000000057,,,,,,,,,,,,,8,-4,-1,0,0,46.69,1738,1790,16,41,1
C:\Users\liher\Games\Age of Empires 2 DE\76561198151543542\savegame\MP Replay v101.102.59747.0 @2024.10.20 164545 (2).aoe2record,4,5,-34,-36,0,7,57,-111,148,344,499,201,18,-7,1337,44,26,0,-2.3899999999999997,5.900000000000002,-0.009999999999999787,,-0.5400000000000009,-2.129999999999999,-0.21000000000000085,1.7399999999999984,3.6699999999999946,0.6699999999999982,,,20.25,,,0.5899999999999999,,,,-6.260000000000002,-2.530000000000001,-29.57,,-0.5100000000000007,,,,,,,,,,-4.389999999999999,2.1999999999999993,-20.82,25.71,,,,,,,,,,0.8599999999999994,-20,-8,8,-1,1,65.1,1740,1772,1,19,0
C:\Users\liher\Games\Age of Empires 2 DE\76561198151543542\savegame\MP Replay v101.102.59747.0 @2024.10.20 193710 (1).aoe2record,7,4,15,0,0,5,50,-1,120,188,142,-9,-12,6,282,64,28,0,-4.5200000000000005,0.3500000000000014,0.6999999999999993,0.0600000000000005,,2.370000000000001,-0.040000000000000036,0.6500000000000021,,,,,,,,1.1999999999999993,,,,-15.669999999999998,,,,0.6499999999999995,0.35999999999999943,1.8399999999999999,,,,,2.900000000000002,12.879999999999995,,,,,,,,,6.579999999999998,,,,,,,-2,2,-2,0,0,35.74,1787,1828,38,2,0
C:\Users\liher\Games\Age of Empires 2 DE\76561198151543542\savegame\MP Replay v101.102.59747.0 @2024.10.20 195957 (2).aoe2record,-5,-3,0,0,4,4,0,0,84,87,0,0,-49,4,328,-29,-35,0,0.8099999999999996,0.129999999999999,-0.3899999999999997,,0.6399999999999988,-2.74,-0.05999999999999961,0.879999999999999,,,,,6.829999999999998,,,,,,,,,,,2.8,,,,,,,,,,3.0100000000000016,,,,,,,,,,,,,,0,0,-1,0,0,23.74,1752,1773,12,29,0
C:\Users\liher\Games\Age of Empires 2 DE\76561198151543542\savegame\MP Replay v101.102.59747.0 @2024.10.20 212143 (2).aoe2record,4,-7,37,22,5,2,-14,22,251,447,353,118,216,-16,896,23,-23,0,,-2.0,-2.3,8.74,-0.46000000000000085,-2.039999999999999,0.009999999999999787,-1.9800000000000004,-1.5100000000000051,-6.040000000000003,,,0.5799999999999983,-8.170000000000002,,,,,,-1.4399999999999977,,,,-0.33999999999999986,,,,,,,,,,-1.9300000000000015,4.850000000000001,,,,,14.849999999999998,-0.6799999999999997,,,,,,,0,0,0,0,0,41.09,1735,1788,30,31,0
C:\Users\liher\Games\Age of Empires 2 DE\76561198151543542\savegame\MP Replay v101.102.61625.0 @2024.10.23 212736 (2).aoe2record,-1,-1,14,-6,0,6,7,-9,5,-15,-23,-52,-8,-7,-25,-113,97,0,-5.27,-7.93,0.7699999999999996,1.1099999999999994,-3.49,1.7799999999999994,1.2300000000000004,1.5199999999999996,3.8500000000000014,-7.399999999999999,,,0.6099999999999994,,,1.8299999999999983,6.669999999999998,,,,,-6.199999999999999,,7.37,,,,,,,-7.760000000000002,-3.9800000000000004,,-1.370000000000001,0.6400000000000006,,,,,,,,,,,,,0,1,-2,0,0,33.89,1929,1814,11,6,0
C:\Users\liher\Games\Age of Empires 2 DE\76561198151543542\savegame\MP Replay v101.102.61625.0 @2024.10.27 194542 (1).aoe2record,4,26,3,0,3,16,-19,2,-129,344,-695,9,-102,-5,-454,-103,37,0,2.96,15.46,,,,3.6899999999999995,-1.25,5.679999999999998,,,,,4.109999999999999,,,,,,,,,,,1.31,,,,,,,,,,-10.14,-1.2199999999999989,,,,,,,,,,,,,2,1,1,0,0,37.7,1835,1861,3,6,1
C:\Users\liher\Games\Age of Empires 2 DE\76561198151543542\savegame\MP Replay v101.102.61625.0 @2024.10.27 204120 (2).aoe2record,4,-8,4,17,3,4,-28,57,127,-57,-6,-207,-47,-26,10,-146,-15,0,-3.0699999999999994,12.66,-3.2600000000000007,6.370000000000001,0.9100000000000001,3.1800000000000015,2.2800000000000002,-0.48999999999999844,-1.4500000000000028,2.66,22.480000000000004,,9.46,,,,,,,,,,,1.1300000000000008,,,,,,,,,,3.4399999999999995,-0.5100000000000016,,,,,,,,,,,,,-1,5,2,0,0,51.23,1817,1852,42,25,0
C:\Users\liher\Games\Age of Empires 2 DE\76561198151543542\savegame\MP Replay v101.102.61625.0 @2024.10.31 152654 (2).aoe2record,-1,2,-9,-116,0,5,83,-138,29,-59,778,-700,59,2,202,8,-39,0,-0.370000000000001,8.879999999999999,0.11999999999999922,-0.08000000000000007,-7.220000000000001,-1.8499999999999996,0.07999999999999918,0.4400000000000013,12.670000000000002,0.5199999999999996,,,7.969999999999999,,,,,,,13.98,,,,7.039999999999999,12.600000000000001,-6.450000000000003,,,,,,,,-6.139999999999997,-15.959999999999997,2.8500000000000014,,,,11.279999999999998,-18.759999999999998,,,,,,,-1,4,-1,0,0,58.09,1800,1866,27,30,0
C:\Users\liher\Games\Age of Empires 2 DE\76561198151543542\savegame\MP Replay v101.102.61625.0 @2024.10.31 205613 (1).aoe2record,1,3,-4,0,-4,-9,0,0,-5,180,-81,0,-12,1,-1,99,-18,0,-5.9,,3.9300000000000006,,-1.1999999999999993,1.0500000000000007,-1.9900000000000002,1.490000000000002,,1.8100000000000005,,,,,,,,,,,,,,-0.41000000000000014,,,,,,,,,,0.9100000000000001,1.4800000000000004,,,,,,,,,,,,,0,1,0,0,1,24.75,1879,1907,20,1,0
C:\Users\liher\Games\Age of Empires 2 DE\76561198151543542\savegame\MP Replay v101.102.61625.0 @2024.10.31 211221 (2).aoe2record,-6,1,-3,6,0,1,-151,21,34,291,78,126,51,11,464,162,-42,0,-1.1900000000000013,-2.139999999999997,-0.020000000000000462,,2.209999999999999,7.220000000000001,-0.35000000000000053,0.490000000000002,,,,,,,,,,,,-12.489999999999998,,,,-0.6800000000000006,7.879999999999999,1.2200000000000024,,,,,,,,9.910000000000002,,,,,,,,,,,,,,-6,6,1,0,1,44.73,1834,1864,2,21,1
C:\Users\liher\Games\Age of Empires 2 DE\76561198151543542\savegame\MP Replay v101.102.61625.0 @2024.10.31 214316 (2).aoe2record,-1,-3,-36,13,0,1,-31,42,66,9,-156,185,-4,0,221,-27,-36,0,2.620000000000001,2.4300000000000015,0.8300000000000001,0.370000000000001,1.0500000000000007,-1.0500000000000007,0.46999999999999975,0.2799999999999976,-3.980000000000004,-3.6899999999999977,,,-0.22999999999999865,,,0.40000000000000213,,,,-9.760000000000002,,,,-0.8799999999999999,,,,,,,,,,0.5300000000000011,0.3200000000000003,,,,,,-3.1799999999999997,,,,,,,-1,1,1,0,0,41.24,1915,1847,10,35,1
C:\Users\liher\Games\Age of Empires 2 DE\76561198151543542\savegame\MP Replay v101.102.61625.0 @2024.11.03 200430 (2).aoe2record,8,6,-40,-32,4,5,9,-28,284,47,375,-17,-32,-1,725,29,147,0,3.120000000000001,-2.2600000000000016,-4.86,,3.0999999999999996,2.280000000000001,2.3500000000000005,1.4600000000000009,2.9299999999999997,1.2600000000000016,-8.280000000000001,,,,,,,,,14.96,,,,2.33,-0.46000000000000085,,,-3.0700000000000003,,,,,,2.2600000000000016,1.4499999999999993,,,,,,,,,,,,,4,-1,-2,1,0,47.59,1826,1834,21,25,1
C:\Users\liher\Games\Age of Empires 2 DE\76561198151543542\savegame\MP Replay v101.102.61625.0 @2024.11.03 203704 (2).aoe2record,-8,4,0,0,0,-1,0,0,-52,50,0,0,-22,-2,123,-62,-21,0,-1.3899999999999997,,,,-0.8499999999999996,-1.1900000000000013,-0.71,,,-3.969999999999999,,,6.15,,,,,,,,,,,-1.0,,,,,,,,,,,,,,,,,,,,,,,,-1,0,1,0,-1,17.13,1794,1818,28,13,1
C:\Users\liher\Games\Age of Empires 2 DE\76561198151543542\savegame\MP Replay v101.102.61625.0 @2024.11.03 204828 (1).aoe2record,0,0,152,-23,0,1,230,-72,-193,-186,614,-757,-61,-3,-746,-71,-26,0,4.12,-0.5000000000000018,-0.39999999999999947,-9.92,1.0600000000000005,0.9100000000000001,-0.5300000000000002,-1.1099999999999994,,,,,3.889999999999999,,,-6.620000000000001,,,,,,,,0.03000000000000025,9.41,,,,,,21.700000000000003,,,-0.5,,,,,,,,,,,,,,6,4,0,0,0,45.21,1801,1854,4,7,1
C:\Users\liher\Games\Age of Empires 2 DE\76561198151543542\savegame\MP Replay v101.103.10863.0 @2025.04.19 141516 (1).aoe2record,-4,-21,3,0,-3,-38,19,0,515,-80,429,0,236,11,275,427,-11,0,-0.11000000000000121,-8.13,,,,-0.040000000000000924,-0.120000000000001,-6.539999999999999,,,,,,,,,,,,,,,,1.05,,,,,,,,,,,,,,,,,,,,,,,,-1,-2,-3,0,0,22.93,1771,1726,3,6,1
C:\Users\liher\Games\Age of Empires 2 DE\76561198151543542\savegame\MP Replay v101.103.10863.0 @2025.04.19 163017 (1).aoe2record,-3,12,36,-19,0,-2,-52,-82,-225,-639,-673,-634,-53,16,-884,-40,-1111,0,-0.22000000000000064,-6.27,0.5700000000000003,0.14000000000000057,3.34,-0.8699999999999992,-0.6699999999999999,0.759999999999998,-0.3200000000000003,-15.559999999999995,,,-0.8599999999999994,8.920000000000002,,-1.2100000000000009,,-6.350000000000001,,18.35,2.8599999999999994,,,-0.1899999999999995,11.189999999999998,9.420000000000002,,-0.9399999999999977,,,23.619999999999997,14.170000000000002,,-24.2,-31.830000000000002,,-5.579999999999998,,,23.16,20.14,,,,,,,-5,17,6,0,0,62.51,1789,1817,35,44,1
C:\Users\liher\Games\Age of Empires 2 DE\76561198151543542\savegame\MP Replay v101.103.10863.0 @2025.04.20 222748 (1).aoe2record,-4,9,-33,29,0,7,-39,24,-66,86,-316,72,15,23,-183,36,-111,0,-0.6200000000000001,-22.45,-0.09999999999999964,-7.6800000000000015,1.3399999999999999,2.08,0.13999999999999968,2.6999999999999993,-1.990000000000002,-12.42,,,-9.58,,,2.6900000000000013,,,,8.099999999999998,0.9099999999999966,,,-5.09,-12.249999999999996,2.559999999999995,,,,,,,,-0.23000000000000043,2.4800000000000004,,,,,13.219999999999999,,,,,,,,2,-4,-1,0,0,39.87,1810,1814,6,33,0
C:\Users\liher\Games\Age of Empires 2 DE\76561198151543542\savegame\MP Replay v101.103.10863.0 @2025.04.21 204945 (2).aoe2record,-13,13,-38,10,-4,5,2,-68,-151,53,-271,-177,-88,3,49,-291,-73,0,1.0700000000000003,20.27,0.5599999999999996,-11.899999999999999,2.2200000000000006,0.009999999999999787,-1.5300000000000002,1.2399999999999984,-0.5799999999999983,,,,,,,,,,,7.780000000000005,0.7700000000000031,,,-1.29,3.240000000000002,-0.45000000000000284,0.4200000000000017,-1.8000000000000043,-6.25,-0.7100000000000009,-19.28,-19.46,,4.489999999999998,9.34,,8.569999999999997,,,,-15.729999999999997,,,8.580000000000002,5.640000000000001,,,-9,-2,5,1,-1,48.86,1749,1794,2,30,0
C:\Users\liher\Games\Age of Empires 2 DE\76561198151543542\savegame\MP Replay v101.103.12119.0 @2025.05.03 155930 (1).aoe2record,6,-11,-43,0,0,-17,-44,0,-89,-274,-222,0,20,1,-614,11,58,0,-4.4799999999999995,-14.109999999999996,-0.5099999999999998,0.41000000000000014,3.4000000000000004,2.7799999999999994,0.4500000000000002,0.03999999999999915,,,,,0.5199999999999996,,,,,,,1.7899999999999991,,,,0.54,,,,,,,,,,2.1999999999999993,,,,,,,,,,,,,,0,2,-3,0,0,33.28,1823,1869,38,31,0
C:\Users\liher\Games\Age of Empires 2 DE\76561198151543542\savegame\MP Replay v101.103.12119.0 @2025.05.03 165009 (1).aoe2record,-1,14,61,0,0,12,16,0,86,285,-102,0,52,6,-147,85,49,0,-6.12,8.549999999999999,-4.41,,-2.51,3.9300000000000015,-0.16999999999999993,5.48,,,,,,,,,,,,,,,,-1.5500000000000003,,,,,,,,,,1.6699999999999982,,,,,,,,,,,,,,0,0,0,1,1,38.13,1826,1847,3,12,1
C:\Users\liher\Games\Age of Empires 2 DE\76561198151543542\savegame\MP Replay v101.103.16877.0 @2025.08.06 220107 (1).aoe2record,-3,-3,-16,-1,0,0,-8,0,-139,-265,-600,-15,-21,14,-918,-2,-11,0,-21.01,-16.29,24.66,12.8,-2.1899999999999995,-4.649999999999999,0.41999999999999993,2.7399999999999984,,,,,,,,,,,,-4.52,,,,0.6299999999999999,17.469999999999995,,,,,,,,,-1.7100000000000009,,,,,,,,,,,,,,1,-2,0,0,0,37.76,1810,1900,37,53,0
C:\Users\liher\Games\Age of Empires 2 DE\76561198151543542\savegame\MP Replay v101.103.16877.0 @2025.08.06 223506 (1).aoe2record,2,3,-4,-19,0,7,55,-18,-179,-308,72,-170,-21,1,-499,-217,98,0,3.6099999999999994,-16.99,0.16000000000000014,9.59,-26.42,-4.540000000000001,0.33000000000000007,0.4700000000000024,3.6199999999999974,-3.6099999999999994,,,0.1399999999999988,,,-13.329999999999998,,,,-13.0,,-5.810000000000002,,0.3600000000000003,-0.9800000000000004,,,,,,19.21,,,-19.009999999999998,,,,,,9.139999999999997,-6.359999999999996,,,,,,,0,1,0,-1,0,39.21,1798,1804,30,27,1
C:\Users\liher\Games\Age of Empires 2 DE\76561198151543542\savegame\MP Replay v101.103.21943.0 @2025.08.13 014537 (1).aoe2record,6,-3,18,-7,0,-1,11,16,-71,-15,-76,-349,-68,-12,-119,-73,-260,0,4.9799999999999995,3.2900000000000027,-0.33000000000000007,-0.34999999999999964,6.32,0.4800000000000004,-0.33999999999999986,-0.28999999999999915,-0.14999999999999858,,,,0.8900000000000006,3.4299999999999997,,0.5199999999999996,,,,-0.120000000000001,,-14.4,,-0.23999999999999932,-16.59,-0.519999999999996,-3.6099999999999994,,,,-13.159999999999997,-1.3500000000000014,,,,,-1.1200000000000045,,,0.8200000000000003,3.1900000000000013,,,,,,,-4,5,-1,0,1,53.33,1797,1824,23,51,0
C:\Users\liher\Games\Age of Empires 2 DE\76561198151543542\savegame\MP Replay v101.103.21943.0 @2025.08.13 022858 (1).aoe2record,0,3,0,0,1,3,5,0,-133,-253,-366,0,-9,-3,-260,-10,-473,0,-0.4499999999999993,,0.8099999999999987,,0.9800000000000004,-2.889999999999999,0.9500000000000002,1.5200000000000014,,,,,-7.759999999999998,,,,,,,,,,,-0.9000000000000004,,,,,,,,,,-4.199999999999999,,,,,,,,,,,,,,1,-1,-1,0,1,22.78,1782,1887,44,42,0
C:\Users\liher\Games\Age of Empires 2 DE\76561198151543542\savegame\MP Replay v101.103.21943.0 @2025.08.13 024752 (2).aoe2record,18,-17,-84,0,0,9,44,0,119,-318,-598,0,-33,-25,-236,-214,-93,0,0.20999999999999996,6.07,-2.8999999999999995,,-1.2699999999999996,-1.8900000000000006,4.8500000000000005,4.050000000000001,,,,,-10.059999999999995,,,,,,,,,-3.4200000000000017,,1.9800000000000004,8.280000000000001,,,,,,-19.86,,,,,,,,,,,,,,,,,2,1,1,0,0,50.62,1726,1771,29,32,0
C:\Users\liher\Games\Age of Empires 2 DE\76561198151543542\savegame\MP Replay v101.103.31214.0 @2025.12.29 021000 (1).aoe2record,-8,-13,0,0,0,-6,0,0,43,-184,36,0,-5,7,-92,35,-2,0,-3.459999999999999,,,,,-2.58,0.4299999999999997,,,,,,,,,,,,,,,,,1.0499999999999998,,,,,,,,,,1.4900000000000002,,,,,,,,,,,,,,-1,-1,0,0,1,15.67,1781,1794,14,8,0
C:\Users\liher\Games\Age of Empires 2 DE\76561198151543542\savegame\MP Replay v101.103.31214.0 @2025.12.29 232949 (2).aoe2record,6,-4,15,0,0,-17,-12,0,-60,-95,62,0,28,7,-52,109,-89,0,2.11,4.469999999999999,0.7799999999999994,,0.5999999999999996,3.039999999999999,0.9700000000000006,-0.34999999999999787,,11.27,,,-12.709999999999999,,,,,,,10.79,,-7.289999999999999,,-6.31,,,,,,,,,,11.950000000000001,,,,,,,,,,,,,,1,-1,-1,0,0,34.12,1745,1804,16,25,0
C:\Users\liher\Games\Age of Empires 2 DE\76561198151543542\savegame\MP Replay v101.103.31214.0 @2025.12.31 193519 (1).aoe2record,2,-2,-6,0,0,4,20,0,-63,-168,-231,0,19,-2,-578,-42,92,0,1.040000000000001,-10.099999999999998,0.33999999999999986,0.40000000000000036,1.25,1.2199999999999989,0.20000000000000018,1.1099999999999994,,,,,-13.53,,,,,,,,,,,0.17999999999999972,,,,,,,,,,1.3200000000000003,1.0800000000000018,,,,,,,,,,,,,0,0,0,0,0,28.64,1817,1875,51,17,1
C:\Users\liher\Games\Age of Empires 2 DE\76561198151543542\savegame\MP Replay v101.103.31214.0 @2026.01.12 171939 (1).aoe2record,2,0,31,-20,0,-6,35,-56,-296,-244,-162,-377,-49,-2,-190,4,-803,0,0.0,-3.049999999999999,0.23999999999999932,0.33000000000000007,4.619999999999999,0.9700000000000024,0.27000000000000046,0.3200000000000003,4.770000000000003,-18.380000000000003,-5.799999999999997,,-7.5699999999999985,,,0.379999999999999,,,,6.91,,6.909999999999997,,1.3599999999999994,2.1000000000000014,1.6000000000000014,,,,,18.459999999999997,3.799999999999997,,1.3000000000000007,1.6799999999999997,5.079999999999998,,,,,-0.020000000000003126,,,,,,4.960000000000001,0,1,-2,0,1,44.93,1861,2017,9,25,0
C:\Users\liher\Games\Age of Empires 2 DE\76561198151543542\savegame\MP Replay v101.103.31214.0 @2026.01.12 175618 (2).aoe2record,-2,4,-57,23,3,-11,-90,-107,-6,54,-227,409,50,-4,649,7,-111,0,-2.8000000000000007,0.7900000000000009,-2.0200000000000005,,-0.16999999999999993,3.66,-0.1900000000000004,1.259999999999998,-4.75,24.18,5.810000000000002,,-14.879999999999999,1.3200000000000003,,0.5199999999999996,,,,-14.980000000000004,-3.9100000000000037,14.439999999999998,,-6.510000000000001,1.9699999999999989,-6.819999999999997,8.0,15.7,19.259999999999998,,,,,2.58,0.8600000000000065,-2.539999999999999,23.129999999999995,,,,,,,,,,-5.059999999999995,-27,10,-3,0,0,73.82,1982,1852,3,50,1
C:\Users\liher\Games\Age of Empires 2 DE\76561198151543542\savegame\MP Replay v101.103.31214.0 @2026.01.13 005814 (1).aoe2record,0,0,9,0,0,3,5,119,-303,-208,-252,25,-83,0,-621,-237,53,0,-0.75,4.5,-0.9300000000000006,,-1.33,-2.6899999999999995,-0.5899999999999999,-1.6700000000000017,-1.6300000000000026,2.700000000000001,,,12.479999999999999,,,,,,,16.419999999999995,-4.899999999999999,,,0.7699999999999996,,,,,,,,,,-1.8499999999999996,-10.309999999999999,-1.8999999999999986,,,,,,,,,,,-1.8500000000000014,7,-9,-3,0,0,44.93,1842,1851,19,51,1
C:\Users\liher\Games\Age of Empires 2 DE\76561198151543542\savegame\MP Replay v101.103.31214.0 @2026.01.13 204139 (2).aoe2record,-2,-3,33,-49,0,-5,34,-81,107,283,491,-248,-6,-7,553,183,-33,0,-2.09,12.02,0.5800000000000001,,6.109999999999999,4.609999999999999,-0.009999999999999787,0.8200000000000003,6.440000000000001,20.32,10.39,,-31.4,,,12.479999999999997,,,,10.400000000000002,,,,6.12,1.6099999999999994,-0.3299999999999983,,,,,,,,6.790000000000001,18.519999999999996,8.949999999999996,,,,,,,,,,,2.8400000000000034,-5,6,5,1,0,48.7,1836,1858,36,16,0
C:\Users\liher\Games\Age of Empires 2 DE\76561198151543542\savegame\MP Replay v101.103.31214.0 @2026.01.13 214621 (2).aoe2record,2,8,-53,22,5,5,-10,-28,52,181,-43,78,38,1,610,-149,-34,0,1.6099999999999994,4.780000000000001,-2.34,,-7.240000000000002,0.7399999999999984,-0.020000000000000462,1.4199999999999982,-1.1899999999999977,,,,0.8099999999999987,,,,,,,3.8200000000000003,,3.6499999999999986,,0.009999999999999787,,,,,,,,,,3.9800000000000004,-6.239999999999998,-4.339999999999996,,,,,,,,,,,,7,-6,-1,-1,0,47.58,1802,1857,25,22,0
C:\Users\liher\Games\Age of Empires 2 DE\76561198151543542\savegame\MP Replay v101.103.31214.0 @2026.01.14 003839 (1).aoe2record,-1,-10,41,0,0,1,2,0,0,-81,4,0,-7,0,-131,13,0,0,0.5,,0.34999999999999964,0.02999999999999936,-0.46999999999999886,-1.370000000000001,0.020000000000000462,-1.1399999999999988,,4.09,,,6.729999999999999,,,0.0,,,,,,,,3.5300000000000002,,,,,,,,,,-0.4499999999999993,-1.2800000000000011,,,,,0.019999999999999574,-3.580000000000002,,,,,,,0,0,0,0,0,27.82,2024,2043,51,52,1
C:\Users\liher\Games\Age of Empires 2 DE\76561198151543542\savegame\MP Replay v101.103.31214.0 @2026.01.14 180600 (2).aoe2record,1,-8,1,51,4,3,13,-33,153,121,549,336,-30,9,1048,28,95,0,-1.2799999999999994,11.190000000000001,-1.3499999999999996,2.0600000000000005,0.9299999999999997,0.23999999999999844,1.0099999999999998,-0.2699999999999996,2.990000000000002,-16.9,-17.87,,10.57,10.399999999999999,,-0.9499999999999993,,,,-12.019999999999998,-10.36,-19.25,,-5.54,1.5700000000000003,1.3300000000000054,6.770000000000003,,,,-1.7899999999999991,11.469999999999999,11.120000000000005,-0.14000000000000057,-0.00999999999999801,,,,,3.3599999999999994,13.650000000000002,,,,,,,7,-6,-7,0,0,57.31,1804,1870,6,8,0
C:\Users\liher\Games\Age of Empires 2 DE\76561198151543542\savegame\MP Replay v101.103.31214.0 @2026.01.16 164224 (1).aoe2record,6,0,9,0,0,-16,-23,0,-56,-784,-261,0,31,6,-766,-102,-280,0,-5.17,0.5700000000000003,2.0500000000000007,0.7399999999999984,,8.11,0.54,-1.0,,,,,1.1999999999999993,,,,,,,,,,,0.7400000000000002,,,,,,,,,,,,,,,,-1.5399999999999991,,,,,,,,0,-1,-1,0,1,28.26,1883,1695,34,12,0
C:\Users\liher\Games\Age of Empires 2 DE\76561198151543542\savegame\MP Replay v101.103.31214.0 @2026.01.16 170252 (1).aoe2record,2,3,-1,56,0,-2,-40,-237,-316,-77,-225,-314,-190,-18,-209,-25,-608,0,-5.23,-8.120000000000001,0.10999999999999943,-0.049999999999998934,-8.2,-1.7100000000000009,-0.0600000000000005,0.3999999999999986,2.460000000000001,,,,,,,,,,,-9.510000000000002,0.8500000000000014,-12.14,,-0.03000000000000025,-1.5700000000000003,17.2,,4.57,15.61,,15.850000000000001,-19.759999999999998,-19.190000000000005,-4.77,,,,,,,5.559999999999999,,,,,,-5.530000000000001,-5,3,-5,1,2,60.08,1859,1599,42,53,0
C:\Users\liher\Games\Age of Empires 2 DE\76561198151543542\savegame\MP Replay v101.103.31214.0 @2026.01.16 180250 (2).aoe2record,-2,-4,-25,-25,0,8,9,19,220,98,179,-135,-41,9,649,87,-48,0,-1.79,7.690000000000001,-1.1799999999999997,,-0.23999999999999844,4.749999999999998,1.2999999999999998,-0.48999999999999844,0.5200000000000031,-5.18,,,8.68,4.289999999999999,-3.9200000000000017,,,,,13.220000000000002,2.1599999999999966,-13.189999999999998,,1.08,-5.509999999999998,12.010000000000005,,-14.54,-11.630000000000003,,,,,23.67,18.699999999999996,,-5.080000000000002,,,,,,,,,,9.200000000000003,-4,0,6,0,0,57.59,1790,1818,21,3,1
C:\Users\liher\Games\Age of Empires 2 DE\76561198151543542\savegame\MP Replay v101.103.31214.0 @2026.01.29 130736 (2).aoe2record,2,7,1,-3,0,11,17,-28,449,820,1284,168,174,0,1923,634,-6,0,1.9399999999999995,15.04,,-0.7999999999999989,-28.57,-1.1600000000000001,-0.9299999999999997,0.8000000000000007,0.6400000000000006,0.3100000000000023,,,-16.040000000000003,,,1.2100000000000009,,,,-14.249999999999996,,,,-1.0700000000000003,,,,,,,,,,-20.35,-20.12,,,,,-15.879999999999999,8.8,,,,,,,-1,0,3,0,0,44.72,1723,1815,28,14,0
C:\Users\liher\Games\Age of Empires 2 DE\76561198151543542\savegame\MP Replay v101.103.31214.0 @2026.01.29 185956 (2).aoe2record,9,-8,-5,0,6,7,-4,0,135,522,-66,0,44,-6,549,64,-52,0,0.0,,-4.329999999999999,,1.5099999999999998,-0.9900000000000002,0.7799999999999994,,,0.0400000000000027,,,,,,,,,,,,,,0.7700000000000005,,,,,,,,,,-0.23000000000000043,,,,,,,,,,,,,,0,-1,0,0,-1,25.96,1785,1830,32,11,0
C:\Users\liher\Games\Age of Empires 2 DE\76561198151543542\savegame\MP Replay v101.103.31214.0 @2026.01.29 193829 (2).aoe2record,-2,-3,9,0,-2,-8,34,0,25,-18,38,0,-14,4,151,-49,-55,0,-0.040000000000000924,0.6699999999999999,3.5200000000000005,,0.10999999999999943,0.02999999999999936,-0.05999999999999961,-2.0700000000000003,,-5.43,,,2.2699999999999996,2.0700000000000003,,4.530000000000001,,,,,,,,-5.48,,,,,,,,,,0.41999999999999993,-2.2200000000000024,,,,,,,,,,,,,0,-1,-1,0,0,29.36,2201,1844,6,5,1
C:\Users\liher\Games\Age of Empires 2 DE\76561198151543542\savegame\MP Replay v101.103.31214.0 @2026.01.29 195853 (2).aoe2record,0,1,-49,4,0,-1,-2,-63,29,124,-89,-48,32,5,295,14,-76,0,-4.300000000000001,17.49,0.0,7.960000000000001,-2.91,-0.45000000000000107,-0.2699999999999996,2.3200000000000003,0.269999999999996,3.539999999999999,,,-4.359999999999999,,,1.2699999999999996,,,,-5.849999999999998,-0.3400000000000034,2.6700000000000017,,-0.4400000000000004,,,,,,,,,,-1.1600000000000001,1.4199999999999982,,,,,-7.779999999999998,-8.579999999999998,,,,,,,2,-11,2,0,-1,41.74,1752,1840,17,20,0
C:\Users\liher\Games\Age of Empires 2 DE\76561198151543542\savegame\MP Replay v101.103.31214.0 @2026.01.29 222648 (1).aoe2record,-6,-9,-1,0,-4,2,8,0,-47,-234,-20,0,-32,0,-210,-51,20,0,-0.8400000000000007,-0.25,1.63,,0.25,0.3099999999999987,-0.3199999999999994,-0.00999999999999801,,0.07000000000000028,,,,,,,,,,,,,,-1.0099999999999998,,,,,,,,,,0.3500000000000014,-0.05999999999999872,,,,,,,,,,,,,0,1,0,0,0,23.92,1828,1925,17,43,1
C:\Users\liher\Games\Age of Empires 2 DE\76561198151543542\savegame\MP Replay v101.103.31214.0 @2026.01.30 165116 (1).aoe2record,5,22,0,0,-6,-2,0,0,-10,83,0,0,5,-3,-101,84,54,0,-3.51,-0.6799999999999997,1.9900000000000002,,3.4399999999999995,5.130000000000001,0.0,1.3099999999999987,,,,,,,,,,,,,,,,-0.7400000000000002,,,,,,,,,,2.9800000000000004,,,,,,,,,,,,,,0,1,0,0,0,25.55,1848,1923,26,29,0
C:\Users\liher\Games\Age of Empires 2 DE\76561198151543542\savegame\MP Replay v101.103.31214.0 @2026.01.30 181440 (1).aoe2record,-7,-20,8,0,2,36,8,0,-104,633,148,0,51,-2,427,81,44,0,-4.389999999999999,-14.44,,,,-9.86,-5.590000000000001,-3.4800000000000004,,,,,10.120000000000001,,,,,,,,,,,0.13000000000000078,,,,,,,,,,-1.490000000000002,,,,,,,,,,,,,,1,0,2,0,0,33.46,1796,1682,13,37,1
C:\Users\liher\Games\Age of Empires 2 DE\76561198151543542\savegame\MP Replay v101.103.31214.0 @2026.01.30 202457 (2).aoe2record,-12,2,0,0,3,0,0,0,-21,-6,0,0,-19,-1,15,-39,29,0,4.399999999999999,2.619999999999999,-1.5200000000000005,,-0.06999999999999851,-4.629999999999999,0.05999999999999961,,,,,,4.889999999999999,,,,,,,,,,,-0.6299999999999999,,,,,,,,,,,,,,,,,,,,,,,,0,-2,0,0,0,18.21,1785,1807,31,40,0
C:\Users\liher\Games\Age of Empires 2 DE\76561198151543542\savegame\MP Replay v101.103.31214.0 @2026.01.30 204301 (1).aoe2record,1,-5,11,16,-2,-11,16,-39,-29,-112,-122,-5,6,-7,-396,38,43,0,-1.08,-8.080000000000002,3.2199999999999998,-19.6,3.6999999999999993,-1.0299999999999994,0.33000000000000007,-1.3100000000000023,-0.9899999999999949,-5.899999999999999,-3.469999999999999,,2.8200000000000003,1.2300000000000004,,8.279999999999998,,,,-10.739999999999998,,,,0.7199999999999998,-5.6200000000000045,-3.770000000000003,-6.190000000000005,,,,5.310000000000002,5.560000000000002,,0.6400000000000006,-1.4400000000000013,,,,,-9.130000000000003,1.8299999999999983,,,,,,,-1,-1,1,0,0,48.73,1822,1890,33,38,1
C:\Users\liher\Games\Age of Empires 2 DE\76561198151543542\savegame\MP Replay v101.103.31214.0 @2026.01.30 234316 (2).aoe2record,-1,-3,7,-4,4,-2,4,-124,52,-164,94,-110,5,-6,219,-112,-31,0,-0.6600000000000001,-1.5700000000000003,-3.05,9.91,-1.5899999999999999,1.1899999999999977,2.1100000000000003,-0.20000000000000284,0.5,2.5,12.66,,-3.17,,,1.6699999999999982,,,,-6.09,-4.93,-11.32,,0.25,0.22999999999999687,1.3599999999999994,,,,,9.059999999999995,8.939999999999998,,2.789999999999999,-0.23000000000000043,-0.9600000000000009,,,-1.0200000000000031,,,,,,,,-0.060000000000002274,9,-13,0,0,0,51.98,1776,1841,31,41,1
C:\Users\liher\Games\Age of Empires 2 DE\76561198151543542\savegame\MP Replay v101.103.31214.0 @2026.01.31 001644 (2).aoe2record,-6,1,1,-22,0,12,23,-46,293,487,1161,-238,25,-2,503,63,1203,0,1.3099999999999987,,0.4500000000000002,0.16999999999999993,-2.1499999999999986,5.449999999999999,-0.20000000000000018,-0.46000000000000085,,-0.28000000000000114,-2.0900000000000034,,14.869999999999997,,,,,,,10.25,,,,0.5899999999999999,,,,,,,0.46999999999999886,,,2.2900000000000027,-3.3599999999999994,,,,,15.0,,,,,,,,0,-6,-1,0,-1,38.78,1774,1822,44,8,0
C:\Users\liher\Games\Age of Empires 2 DE\76561198151543542\savegame\MP Replay v101.103.31214.0 @2026.02.04 133139 (1).aoe2record,-4,-6,31,0,-2,-9,35,0,-185,-326,163,0,-71,3,-552,79,70,0,-2.1799999999999997,10.25,0.45999999999999996,,-0.9600000000000009,0.6799999999999997,-1.9900000000000002,-3.370000000000001,,-11.349999999999998,,,2.719999999999999,,,,,,,,,,,0.009999999999999787,,,,,,,,,,-0.7900000000000009,-2.370000000000001,,,,,,,,,,,,,0,0,0,0,0,31.43,1853,1870,1,29,1
C:\Users\liher\Games\Age of Empires 2 DE\76561198151543542\savegame\MP Replay v101.103.31214.0 @2026.02.04 171048 (1).aoe2record,11,0,0,0,6,0,0,0,-115,0,0,0,39,0,57,-11,-219,0,,,,,,,,,,,,,,,,,,,,,,,,1.62,,,,,,,,,,,,,,,,,,,,,,,,1,0,0,0,0,8.22,2546,2938,12,51,1
C:\Users\liher\Games\Age of Empires 2 DE\76561198151543542\savegame\MP Replay v101.103.31214.0 @2026.02.05 162347 (2).aoe2record,-2,-6,-3,-17,3,0,5,-15,-40,-75,230,-74,-20,-7,94,-74,50,0,7.389999999999999,24.03,-1.2400000000000002,7.209999999999999,-3.33,1.9299999999999997,0.2699999999999996,-0.9299999999999997,2.0500000000000043,18.12,,,24.630000000000003,,,,,,,25.34,,,,0.1200000000000001,6.600000000000001,,,,,,,,,5.040000000000003,-2.2300000000000004,-0.07000000000000028,,,,-1.7399999999999984,-8.719999999999999,,,,,,,0,-1,1,0,0,53.92,1862,1870,5,51,1
C:\Users\liher\Games\Age of Empires 2 DE\76561198151543542\savegame\MP Replay v101.103.31214.0 @2026.02.05 174922 (2).aoe2record,6,-7,0,0,4,2,-8,0,388,46,44,0,-61,-3,634,-36,-45,0,1.1799999999999997,,-2.9699999999999998,,-1.120000000000001,0.5300000000000011,2.24,-0.259999999999998,,,,,-3.469999999999999,,,,,,,,,,,2.3100000000000005,,,,,,,,,,0.6099999999999994,-0.3099999999999987,,,,,,,,,,,,,-1,-1,-1,0,-1,26.63,1812,1862,44,45,0
C:\Users\liher\Games\Age of Empires 2 DE\76561198151543542\savegame\MP Replay v101.103.31214.0 @2026.02.05 183152 (1).aoe2record,2,15,-49,31,0,15,-19,85,-61,326,-196,273,2,-5,108,11,7,0,0.35999999999999943,0.33999999999999986,,-10.82,,-21.03,-0.8000000000000007,5.590000000000002,-1.9199999999999946,,,,23.459999999999997,17.490000000000002,,-15.09,,,,-3.6899999999999977,-4.590000000000003,,,-2.500000000000001,-9.310000000000002,,,,,,-1.4099999999999966,-2.6400000000000006,-4.210000000000001,-25.26,-19.950000000000003,,,,,5.149999999999999,5.140000000000001,,,,,,-2.009999999999998,1,9,1,0,0,51.79,1876,1570,26,28,0
C:\Users\liher\Games\Age of Empires 2 DE\76561198151543542\savegame\MP Replay v101.103.31214.0 @2026.02.05 190455 (2).aoe2record,2,-1,9,0,-5,-2,-16,0,-46,-92,75,0,-8,-5,-38,-50,-10,0,-0.15000000000000036,10.98,,,3.040000000000001,2.3099999999999987,-0.3100000000000005,-0.7699999999999996,,,,,-10.67,,,,,,,,,,,-0.9799999999999995,,,,,,,,,,3.8000000000000007,-0.6799999999999997,,,,,,,,,,,,,-1,2,0,0,0,31.06,1793,1849,28,44,1
C:\Users\liher\Games\Age of Empires 2 DE\76561198151543542\savegame\MP Replay v101.103.31214.0 @2026.02.05 192924 (1).aoe2record,2,3,0,0,-3,-2,0,0,-302,-422,0,0,14,13,-728,-49,46,0,-7.249999999999999,,3.3599999999999994,,2.84,3.0999999999999996,0.16999999999999993,,,,,,,,,,,,,,,,,1.4699999999999998,,,,,,,,,,,,,,,,,,,,,,,,0,1,0,-1,0,15.42,1830,1854,25,13,0
C:\Users\liher\Games\Age of Empires 2 DE\76561198151543542\savegame\MP Replay v101.103.31214.0 @2026.02.05 194138 (2).aoe2record,3,-12,-17,0,-2,-10,3,0,56,-189,380,0,130,16,210,18,-22,0,1.8800000000000008,-9.09,,,,-0.5299999999999994,0.3800000000000008,-3.280000000000001,,,,,,,,,,,,,,,,1.5999999999999996,,,,,,,,,,,,,,,,,,,,,,,,-1,0,-2,-1,0,26.45,1806,1815,14,15,0
C:\Users\liher\Games\Age of Empires 2 DE\76561198151543542\savegame\MP Replay v101.103.31214.0 @2026.02.05 212548 (2).aoe2record,1,5,66,-10,0,8,20,-36,234,678,709,-37,40,-6,381,78,975,0,-1.3800000000000008,22.1,0.879999999999999,0.5899999999999999,-0.129999999999999,-3.66,0.5300000000000002,0.8099999999999987,3.099999999999998,-2.25,,,0.27999999999999936,-1.7199999999999989,,0.9499999999999993,,,,4.400000000000002,4.390000000000001,,,0.3100000000000005,3.09,,,,,,4.190000000000001,4.599999999999998,,3.5,7.27,2.549999999999997,,,,14.86,4.160000000000004,,,,,,,1,-2,2,0,1,37.95,1807,1831,45,51,0
C:\Users\liher\Games\Age of Empires 2 DE\76561198151543542\savegame\MP Replay v101.103.31214.0 @2026.02.06 021041 (1).aoe2record,4,5,17,-14,0,0,44,-9,93,-285,-29,-213,4,15,-184,-34,-397,0,1.2300000000000004,-7.880000000000001,0.08000000000000007,-0.10999999999999943,,0.040000000000000924,0.21999999999999975,0.10000000000000142,2.460000000000001,,,,-1.4100000000000001,,,0.0799999999999983,,-8.990000000000002,,6.050000000000001,,1.4299999999999997,,0.6499999999999995,2.8299999999999983,,,,,,1.8900000000000006,1.5499999999999972,,-4.16,-13.16,,,,,,,,,,,,,0,3,2,1,-1,40.41,1846,1896,17,23,0
C:\Users\liher\Games\Age of Empires 2 DE\76561198151543542\savegame\MP Replay v101.103.31214.0 @2026.02.06 023612 (2).aoe2record,1,5,-9,-19,0,24,12,-21,338,384,351,-73,-38,-9,969,222,-71,0,7.949999999999999,6.649999999999995,-0.040000000000000036,,0.17999999999999972,-0.7299999999999986,0.7800000000000002,0.9699999999999989,,-0.4499999999999993,0.28999999999999915,,10.13,,,,,,,2.25,,,,-6.12,,,,,,,,,,-0.5999999999999996,0.9899999999999984,,,,,,,,,,,,,-3,0,1,0,0,39.27,1704,1832,6,15,0
C:\Users\liher\Games\Age of Empires 2 DE\76561198151543542\savegame\MP Replay v101.103.31214.0 @2026.02.06 164203 (2).aoe2record,0,1,0,0,-3,1,0,0,-167,-6,0,0,-42,-2,-64,-24,-39,0,-1.1600000000000001,,1.7000000000000002,,,,0.009999999999999787,,,,,,,,,,,,,,,,,-1.919999999999999,,,,,,,,,,,,,,,,,,,,,,,,0,1,-1,0,0,9.29,1666,1828,22,50,0
C:\Users\liher\Games\Age of Empires 2 DE\76561198151543542\savegame\MP Replay v101.103.31214.0 @2026.02.06 164917 (2).aoe2record,-3,-3,-99,-95,3,-6,53,-370,43,43,756,-251,-87,-8,1060,-143,342,0,4.119999999999999,0.6900000000000013,-2.0699999999999994,-36.11,-0.9399999999999995,-15.63,-0.14999999999999947,-0.8599999999999994,9.360000000000007,,,,15.740000000000002,,,,,,,25.3,8.530000000000001,4.480000000000004,,-0.9100000000000001,-16.090000000000003,-9.030000000000001,8.159999999999997,,,,-33.34,-20.769999999999996,,-39.64,,,,,,-35.06,,,,,,,,-6,-5,-4,0,-1,69.59,1822,1837,12,4,0
C:\Users\liher\Games\Age of Empires 2 DE\76561198151543542\savegame\MP Replay v101.103.31214.0 @2026.02.09 231152 (1).aoe2record,6,1,46,8,-4,-1,-4,28,-123,-101,-402,87,93,12,-723,72,-98,0,-2.0199999999999996,-1.9799999999999986,3.1100000000000003,-9.84,4.610000000000001,3.379999999999999,-0.16999999999999993,-1.259999999999998,-3.8500000000000014,-23.520000000000003,,,-9.9,,,-0.4700000000000024,,,,-5.270000000000003,,,,6.05,18.34,,,,,,23.66,,,3.0700000000000003,-1.240000000000002,,,,,16.770000000000003,,,,,,,-3.3200000000000003,0,-2,-1,0,0,44.55,1852,1772,9,4,1
C:\Users\liher\Games\Age of Empires 2 DE\76561198151543542\savegame\MP Replay v101.103.31214.0 @2026.02.12 001403 (1).aoe2record,3,-5,52,-1,0,-3,33,-32,34,-288,8,-285,48,5,-840,115,0,0,0.620000000000001,6.280000000000001,0.2400000000000002,0.5,-3.1400000000000006,4.479999999999999,0.3600000000000003,-1.3100000000000023,3.8999999999999986,,,,1.1999999999999993,,,-1.4100000000000001,,,,8.659999999999997,,,,5.71,20.53,,,19.440000000000005,21.5,,,,,3.629999999999999,-22.509999999999998,,,,,,,,,,,,-0.19000000000000483,-4,5,1,-1,0,46.97,1864,1887,42,6,0
C:\Users\liher\Games\Age of Empires 2 DE\76561198151543542\savegame\MP Replay v101.103.31214.0 @2026.02.12 004824 (2).aoe2record,-3,16,-38,0,0,-1,-31,30,134,462,377,207,54,0,1146,10,-30,0,0.03999999999999915,-10.379999999999999,0.6899999999999995,0.08999999999999986,1.3199999999999985,5.720000000000001,0.020000000000000462,0.5100000000000016,-2.509999999999998,5.719999999999999,-14.530000000000001,,-0.5800000000000001,,,15.759999999999998,,,,-5.419999999999998,,-3.879999999999999,,-0.33999999999999986,,,,,,,,,,5.809999999999999,1.8500000000000014,,,,-3.3999999999999986,-19.7,-10.570000000000004,,,,,,-2.530000000000001,0,3,0,0,1,42.34,1973,1849,33,26,1
C:\Users\liher\Games\Age of Empires 2 DE\76561198151543542\savegame\MP Replay v101.103.31214.0 @2026.02.12 013009 (1).aoe2record,-9,-2,0,0,5,-2,0,0,-190,-56,0,0,7,-8,-257,-29,39,0,2.3500000000000005,,-2.3199999999999994,,0.6099999999999994,,0.5499999999999998,,,,,,,,,,,,,,,,,3.96,,,,,,,,,,,,,,,,,,,,,,,,0,0,0,0,0,10.66,1838,1881,5,53,1
C:\Users\liher\Games\Age of Empires 2 DE\76561198151543542\savegame\MP Replay v101.103.31214.0 @2026.02.13 024110 (1).aoe2record,-3,-1,-3,0,1,-4,12,0,-158,-141,59,0,47,0,-392,75,-3,0,2.0200000000000005,,0.8699999999999992,,-0.7899999999999991,-3.42,-1.7699999999999996,-1.5699999999999967,,2.3999999999999986,-3.3699999999999974,,10.32,,,,,,,1.629999999999999,,,,-1.8200000000000012,,,,,,,,,,-2.780000000000001,-0.629999999999999,,,,,,,,,,,,,0,0,0,0,1,27.81,1856,2042,49,29,1
C:\Users\liher\Games\Age of Empires 2 DE\76561198151543542\savegame\MP Replay v101.103.31214.0 @2026.02.15 151637 (1).aoe2record,-3,19,-52,-11,0,13,13,30,23,377,-41,92,51,-5,108,167,44,0,0.48,0.9599999999999991,,,,10.670000000000002,-0.6799999999999997,8.25,-0.6999999999999957,-4.719999999999999,,,,,,,,,,2.0600000000000023,,,,-2.000000000000001,,,,,,,,,,-4.710000000000001,-0.9699999999999989,,,,,,,,,,,,,-5,2,3,0,-1,47.81,1880,1758,37,44,1
C:\Users\liher\Games\Age of Empires 2 DE\76561198151543542\savegame\MP Replay v101.103.31214.0 @2026.02.15 162739 (1).aoe2record,-8,-1,0,0,-5,0,0,0,-186,-14,0,0,-19,-2,-92,12,-87,0,,,3.17,,,,-0.13999999999999968,,,,,,,,,,,,,,,,,-1.0099999999999998,,,,,,,,,,,,,,,,,,,,,,,,0,1,0,0,0,9.39,1896,1901,24,39,0
C:\Users\liher\Games\Age of Empires 2 DE\76561198151543542\savegame\MP Replay v101.103.31214.0 @2026.02.15 222954 (2).aoe2record,7,8,2,-17,-2,7,13,-45,194,188,393,-144,-36,25,405,255,101,0,-2.0700000000000003,,3.0200000000000005,0.8299999999999983,0.7400000000000002,6.85,0.33999999999999986,1.3500000000000014,,,,,-5.790000000000001,,,10.190000000000001,,,,17.68,8.21,,,-1.6899999999999995,0.23000000000000398,,,,,,-0.21000000000000085,0.15000000000000213,,6.09,,,,,,-6.419999999999998,5.860000000000003,,,,,,,-5,1,-1,0,-1,40.23,1759,1891,10,45,0
C:\Users\liher\Games\Age of Empires 2 DE\76561198151543542\savegame\MP Replay v101.103.31214.0 @2026.02.16 161130 (2).aoe2record,-4,-6,-19,-18,3,13,-12,-50,338,444,231,-184,184,-14,917,-94,-34,0,4.210000000000001,4.100000000000001,-2.5700000000000003,0.08999999999999986,-0.4399999999999995,1.2599999999999998,-0.3600000000000003,2.09,4.350000000000001,11.450000000000003,,,3.9400000000000013,,,-8.400000000000002,,,,-1.3300000000000018,,-5.610000000000003,,-0.3100000000000005,,,,,,,1.1400000000000006,,,26.930000000000003,,,,,,,,,,,,,,1,1,2,0,0,42.1,1784,1887,43,52,0
C:\Users\liher\Games\Age of Empires 2 DE\76561198151543542\savegame\MP Replay v101.103.31214.0 @2026.02.16 222526 (1).aoe2record,-30,-1,-4,69,2,-2,7,38,-50,137,-114,-80,20,2,-337,14,33,0,-2.450000000000001,15.57,0.08999999999999986,,0.15000000000000036,5.42,0.1200000000000001,0.8099999999999987,0.3200000000000003,0.740000000000002,,,4.049999999999997,9.89,,7.459999999999997,,,,-8.530000000000001,-9.39,-9.059999999999999,,6.33,-15.239999999999995,-14.71,-12.650000000000006,,,,,,,7.760000000000002,0.5700000000000003,7.880000000000003,,,,,,,,,,,7.869999999999997,-11,13,-7,0,0,55.73,1898,1754,30,16,0
C:\Users\liher\Games\Age of Empires 2 DE\76561198151543542\savegame\MP Replay v101.103.31214.0 @2026.02.16 230442 (2).aoe2record,-2,1,6,-2,0,-6,-21,-5,25,57,395,-175,-40,0,553,-174,-31,0,0.21000000000000085,26.39,0.08000000000000007,-37.230000000000004,2.91,4.379999999999999,-0.1299999999999999,-0.9600000000000009,3.990000000000002,-2.469999999999999,1.0999999999999979,,-0.2400000000000002,-2.9399999999999977,,1.5300000000000011,,,,6.859999999999999,4.680000000000003,11.129999999999999,,3.1800000000000006,,,,,,,-7.229999999999997,,,4.330000000000002,-0.14000000000000057,4.100000000000001,,,,,,-11.390000000000004,,,,,6.43,-2,10,2,2,0,46.96,1851,1876,22,31,0
C:\Users\liher\Games\Age of Empires 2 DE\76561198151543542\savegame\MP Replay v101.103.31214.0 @2026.02.17 020237 (1).aoe2record,-4,-8,20,0,0,-28,-18,1,-89,-249,168,10,22,12,-171,15,-2,0,-7.779999999999998,-2.5599999999999987,-0.4500000000000002,-2.460000000000001,,-1.3200000000000003,-0.02999999999999936,-3.289999999999999,,,,,3.2900000000000063,,,-7.449999999999999,,,,0.39000000000000057,,-4.950000000000003,,0.03000000000000025,,,,,,,3.3100000000000023,,,,,,,,,,,,,,,,,1,-5,1,0,0,42.9,1874,1952,43,37,1
C:\Users\liher\Games\Age of Empires 2 DE\76561198151543542\savegame\MP Replay v101.103.31214.0 @2026.02.17 134122 (1).aoe2record,-1,2,38,81,0,3,-5,35,-380,-116,-194,-278,-100,-6,-900,-177,50,0,23.32,-21.9,27.619999999999997,-10.44,3.200000000000001,3.870000000000001,-0.54,0.5199999999999996,2.1799999999999997,-21.270000000000003,-21.189999999999998,,-0.6300000000000008,-10.530000000000001,,18.37,,,,13.919999999999998,4.57,-38.95,,-1.2000000000000002,15.620000000000001,1.970000000000006,,1.8800000000000026,1.6599999999999966,,,,,3.8200000000000003,-18.73,-2.8900000000000006,,,,26.729999999999997,24.19,,,,,,,5,-3,-3,-1,0,50.78,1894,1990,28,51,0
C:\Users\liher\Games\Age of Empires 2 DE\76561198151543542\savegame\MP Replay v101.103.31214.0 @2026.02.17 141346 (1).aoe2record,3,3,-29,41,-3,15,-2,-78,-311,13,-199,-237,-35,0,-597,-35,-17,0,-6.290000000000001,-15.770000000000003,1.6099999999999994,18.159999999999997,-4.65,-0.5500000000000007,-0.5,1.759999999999998,-0.36999999999999744,10.370000000000001,4.590000000000003,,0.5699999999999985,24.049999999999997,,,,,,-9.91,9.149999999999999,7.699999999999999,,0.16999999999999993,10.559999999999995,,,,,,11.530000000000001,,,-1.2299999999999986,1.4499999999999993,-0.30999999999999517,,8.919999999999995,,20.97,24.32,1.4299999999999997,6.949999999999996,,,,,0,-6,0,0,0,54.16,1882,1944,10,32,0
C:\Users\liher\Games\Age of Empires 2 DE\76561198151543542\savegame\MP Replay v101.103.31214.0 @2026.02.17 144758 (1).aoe2record,2,10,27,0,-5,0,-18,0,-205,-285,116,0,18,-17,-422,-65,44,0,1.2699999999999996,2.1799999999999997,3.2,,-1.2400000000000002,-4.25,-1.58,-2.419999999999998,,,,,,,,,,,,,,-3.74,,-2.0500000000000007,,,,,,,,,,-4.040000000000001,,,,,,,,,,,,,,-2,1,1,0,0,31.74,1869,1957,4,43,0
C:\Users\liher\Games\Age of Empires 2 DE\76561198151543542\savegame\MP Replay v101.103.31214.0 @2026.02.17 150830 (1).aoe2record,-1,7,-22,0,-2,20,-6,0,-171,-79,-245,0,8,-2,-390,-3,-72,0,-2.34,,2.37,,-0.25,4.0699999999999985,-0.2599999999999998,1.3900000000000006,,3.370000000000001,,,,,,,,,,,,,,-0.33999999999999986,,,,,,,,,,3.4000000000000004,1.2199999999999989,,,,,,,,,,,,,0,0,1,0,1,31.22,1857,2097,33,26,0
C:\Users\liher\Games\Age of Empires 2 DE\76561198151543542\savegame\MP Replay v101.103.31214.0 @2026.02.17 153149 (1).aoe2record,3,7,5,0,-4,8,13,0,-87,-173,55,0,49,8,-399,89,-2,0,,,2.25,-7.460000000000001,1.0199999999999996,1.7699999999999996,-0.34999999999999964,-0.6600000000000001,,5.57,,,-6.299999999999999,,,,,,,,,,,-0.28000000000000025,,,,,,,,,,1.6999999999999993,-1.4500000000000028,,,,,,,,,,,,,0,0,1,1,0,24.9,1851,1873,51,17,1
C:\Users\liher\Games\Age of Empires 2 DE\76561198151543542\savegame\MP Replay v101.103.31214.0 @2026.02.17 214339 (1).aoe2record,-3,1,35,0,0,-1,3,0,-69,-138,-82,0,12,-1,-278,8,-108,0,1.46,8.86,-0.2999999999999998,-0.019999999999999574,-1.6600000000000001,-0.4499999999999993,0.1200000000000001,-0.25,,-2.4399999999999977,,,,,,2.169999999999998,,,,,,,,-5.5600000000000005,,,,,,,,,,-0.370000000000001,-0.46000000000000085,,,,,,,,,,,,,0,0,0,0,0,29.99,1868,2094,6,33,1
C:\Users\liher\Games\Age of Empires 2 DE\76561198151543542\savegame\MP Replay v101.103.31214.0 @2026.02.17 221325 (1).aoe2record,3,1,46,-14,0,8,21,29,161,-99,361,-245,11,3,123,-30,-58,0,2.410000000000001,-3.3299999999999983,0.1299999999999999,-0.2400000000000002,-1.7900000000000027,3.1099999999999994,-0.1900000000000004,-0.07000000000000028,3.740000000000002,20.799999999999997,,,,,,,,,,4.969999999999999,-9.420000000000002,10.540000000000003,,0.3699999999999992,,,,,,,-3.3299999999999983,-1.3900000000000006,1.7299999999999969,-2.490000000000002,-0.5999999999999979,3.460000000000001,,-2.979999999999997,,,-1.480000000000004,-2.799999999999997,-2.8200000000000003,,,,,4,3,-6,-1,0,45.45,1893,1895,22,53,0
