duration_min,civilization_id,villagers_dark_age,villagers_feudal_age,villagers_castle_age,villagers_imperial_age,mil_trained_dark_age,mil_trained_feudal_age,mil_trained_castle_age,mil_trained_imperial_age,apm_dark_age,apm_feudal_age,apm_castle_age,apm_imperial_age,gather_point_count,wall_count,move_count,order_count,stance_count,first_wall_min,market_min,first_barracks_min,first_stable_min,first_archery_min,blacksmith_min,feudal_min,castle_min,imperial_min,double_bit_axe_min,horse_collar_min,gold_mining_min,wheelbarrow_min,loom_min,forging_min,fletching_min,bodkin_arrow_min,result,elo,barracks_count,stable_count,archery_count,blacksmith_count
16.92,24,18,32,0,0,0,8,0,0,470,409,0,0,71,6,541,178,5,8.57,,7.91,,9.64,,6.61,,,,,,15.85,6.01,,,,0,2224,1,0,1,0
16.92,11,21,20,0,0,0,15,0,0,493,397,0,0,59,5,644,96,2,16.12,,7.99,14.07,8.5,,6.26,,,,12.02,,,5.72,,,,1,2348,1,1,1,0
22.06,10,16,27,0,0,0,9,0,0,415,1262,0,0,59,3,922,265,326,9.19,16.07,7.74,8.91,,20.51,6.68,20.16,,,20.74,,,3.7,21.26,,,1,1743,1,1,0,1
22.06,4,29,20,0,0,0,11,0,0,508,437,0,0,81,18,605,149,1,8.39,,14.3,,18.77,21.42,6.73,,,,,,,5.74,,,,0,1678,1,0,1,1
27.02,2,21,22,29,0,0,16,13,0,442,687,279,0,115,10,822,222,51,9.5,17.35,7.76,9.02,10.02,12.69,6.58,19.25,,,,,,6.21,20.62,13.46,,1,1715,1,2,1,1
27.02,29,30,22,8,0,2,22,33,0,624,473,221,0,97,13,837,201,0,4.6,18.61,7.94,19.61,12.69,19.99,7.41,19.48,,,20.99,,,6.52,20.67,,,0,1665,1,2,1,1
20.62,20,18,26,0,0,0,12,0,0,652,962,0,0,44,4,1148,213,95,4.1,,6.8,8.46,9.94,12.92,6.22,19.51,,15.32,9.61,,,5.65,,13.76,,0,1705,1,1,2,1
20.62,16,27,23,0,0,0,27,0,0,419,468,7,0,104,11,455,168,22,9.69,,9.08,,9.86,11.58,7.08,17.85,,19.12,,18.71,,0.06,18.87,13.1,20.54,1,1745,2,0,2,1
19.02,21,18,22,0,0,3,10,0,0,788,949,0,0,95,8,1249,296,8,10.37,,5.24,,11.72,,6.75,,,,,,,5.78,,,,0,1572,1,0,1,0
19.02,39,19,19,0,0,0,8,0,0,429,455,0,0,62,5,521,177,31,8.17,15.92,8.91,,9.8,11.23,7.08,18.63,,,,,,6.18,,11.8,,1,1578,1,0,1,1
21.27,6,24,16,5,0,0,6,6,0,491,430,101,0,60,15,717,142,0,8.77,17.14,8.28,9.62,,14.59,6.88,16.35,,,,,12.75,0.03,18.34,,,1,1888,1,2,0,1
21.27,22,29,25,0,0,0,18,0,0,750,898,0,0,195,17,1072,262,1,10.28,,7.46,8.57,14.8,16.44,6.38,19.45,,,9.44,,,5.81,,17.48,,0,1951,1,2,1,1
33.86,14,26,18,43,4,0,3,39,0,613,641,862,59,115,5,1657,173,1,7.87,23.77,7.98,14.43,9.32,12.87,6.99,16.78,29.85,22.33,9.38,16.99,20.39,6.59,,,,1,2687,1,2,1,1
33.86,39,22,15,39,18,0,3,34,29,599,578,725,352,177,15,1268,272,212,4.27,20.79,8.26,,13.77,11.73,7.15,15.23,25.29,16.04,9.38,,18.41,6.43,,,,0,2619,1,0,3,1
29.27,24,19,1,15,0,0,0,13,0,509,149,735,0,181,1,848,291,0,11.44,9.88,,,,10.86,7.45,11.37,,,,,,7.53,,,,0,1705,0,0,0,1
29.27,15,21,19,30,0,0,18,25,0,468,757,688,0,94,0,1409,222,5,,15.62,8.44,,9.47,10.63,7.25,16.69,,,,17.52,,5.86,,11.48,19.42,1,1829,1,0,2,1
18.69,43,17,22,0,0,3,29,0,0,789,887,0,0,213,3,1085,206,50,11.65,,5.08,14.2,9.11,13.15,6.68,,,,,,15.47,5.82,,14.43,,1,2550,1,1,1,1
18.69,17,27,32,0,0,0,27,0,0,698,576,0,0,123,3,824,223,0,7.78,15.81,7.53,9.1,11.57,,6.73,,,,,,,5.9,,,,0,2377,1,1,1,0
26.34,2,27,19,1,0,2,28,4,0,455,488,64,0,69,8,555,147,73,6.11,,4.92,16.49,12.69,12.27,10.04,22.35,,,,22.71,,8.67,23.44,13.08,,1,1945,1,3,1,1
26.34,12,21,22,8,0,0,29,13,0,487,620,192,0,100,12,824,215,10,6.89,15.6,5.07,20.91,8.59,12.04,6.0,18.77,,,22.72,,22.39,4.46,,16.31,,0,2077,1,1,2,1
44.13,36,23,21,125,26,0,12,75,104,440,497,838,314,205,8,846,341,55,10.68,15.45,8.28,9.33,11.7,16.3,7.0,18.1,35.01,,9.4,19.76,29.48,6.21,19.26,17.04,37.1,1,1702,8,10,1,1
44.13,26,24,23,69,61,0,26,27,56,672,700,827,589,382,2,1433,414,13,12.68,31.77,7.97,16.8,8.94,9.94,6.64,18.11,32.02,,19.7,19.92,29.03,6.33,29.11,11.41,20.86,0,1645,1,5,1,1
18.09,12,23,11,1,0,0,11,0,0,508,532,128,0,101,9,818,173,0,3.62,11.42,8.36,,9.29,13.47,6.1,13.95,,,,,,5.62,,14.59,16.67,0,1667,1,0,1,1
18.09,5,19,23,0,0,0,12,0,0,457,388,0,0,43,5,598,68,43,11.24,16.93,7.9,,9.58,12.25,7.39,18.09,,17.25,,,,6.5,,13.04,,1,1672,1,0,1,1
43.47,36,21,18,114,12,0,7,42,2,435,369,792,49,78,17,892,291,0,10.31,15.81,8.18,9.43,34.36,30.53,7.16,17.36,38.27,,9.6,17.74,19.82,6.65,,,,0,1538,4,1,2,1
43.47,19,22,14,118,8,0,6,86,41,424,399,992,217,138,17,846,484,20,10.71,15.94,7.06,8.89,,22.81,6.61,16.56,36.48,37.41,17.3,17.33,11.82,6.1,28.49,37.39,39.41,1,1595,1,7,0,1
47.8,31,19,23,104,7,0,16,106,7,462,722,1578,56,162,7,1672,461,89,19.01,16.63,7.42,8.65,11.07,12.32,6.42,17.48,43.31,33.36,38.28,,39.86,5.95,,13.23,20.21,1,2314,6,1,2,1
47.8,34,16,44,73,0,0,14,69,0,610,922,1682,0,427,17,1805,595,2,9.94,18.58,8.11,20.63,13.55,14.62,6.62,20.31,44.97,17.88,10.87,,44.27,5.64,,15.38,45.95,0,2506,1,3,6,2
52.88,10,16,20,46,127,0,5,19,120,497,697,763,1322,462,18,1566,578,0,10.26,14.21,8.33,9.4,30.99,12.28,6.84,18.2,30.69,32.24,10.07,18.97,24.45,6.28,19.88,,,0,1478,1,9,5,1
52.88,36,29,15,89,85,0,7,55,219,459,320,617,848,194,12,956,325,10,9.78,19.85,8.33,11.06,34.59,16.86,8.39,17.45,32.07,34.63,9.88,19.13,7.53,6.35,18.08,34.61,41.82,1,1484,4,11,6,3
52.88,10,16,20,46,127,0,5,19,120,497,697,763,1322,462,18,1566,578,0,10.26,14.21,8.33,9.4,30.99,12.28,6.84,18.2,30.69,32.24,10.07,18.97,24.45,6.28,19.88,,,0,1478,1,9,5,1
52.88,36,29,15,89,85,0,7,55,219,459,320,617,848,194,12,956,325,10,9.78,19.85,8.33,11.06,34.59,16.86,8.39,17.45,32.07,34.63,9.88,19.13,7.53,6.35,18.08,34.61,41.82,1,1484,4,11,6,3
54.66,6,26,18,118,42,0,12,49,477,478,630,825,878,514,8,1115,371,34,7.62,24.53,9.77,10.49,16.15,14.04,7.22,18.17,31.87,34.0,19.39,32.97,16.21,0.01,35.45,34.0,35.47,0,1704,11,2,9,2
54.66,22,21,22,83,38,0,8,38,262,582,656,959,1179,200,7,1866,548,16,6.32,15.84,8.0,9.34,18.03,16.58,6.84,18.34,33.92,44.35,10.68,19.84,28.55,4.7,,20.65,21.58,1,1742,1,11,9,1
42.57,57,17,36,64,30,0,15,66,52,641,628,1220,539,185,20,1918,448,66,9.1,15.48,8.31,,9.89,14.17,6.79,16.58,31.19,20.13,11.02,,22.05,5.9,,17.04,19.26,1,2595,4,0,4,1
42.57,57,27,21,75,42,5,5,33,30,657,839,1317,788,335,12,1831,484,523,12.16,15.84,5.55,,40.31,11.54,6.68,16.56,30.76,34.1,16.63,17.02,24.81,10.46,,31.01,31.73,0,2772,2,0,1,1
42.41,9,18,11,105,42,0,10,78,47,510,367,1220,262,174,15,1229,337,105,8.31,12.33,8.04,20.07,9.32,13.53,7.11,14.43,33.96,18.79,20.44,31.96,23.81,6.69,37.16,15.14,17.1,1,2450,1,7,5,1
42.41,45,20,17,38,20,0,9,69,13,529,416,937,197,123,5,1383,276,7,9.32,35.57,7.73,8.92,11.42,14.12,6.74,16.58,33.56,18.72,9.21,22.06,25.54,6.03,,18.7,19.28,0,2336,1,1,3,1
28.83,37,23,26,27,0,0,21,28,0,508,643,219,0,88,3,720,325,36,9.53,19.65,7.91,9.88,11.49,13.54,7.66,21.26,,,14.85,22.34,,6.82,17.71,14.31,,1,1606,1,3,1,1
28.83,31,33,2,53,0,0,1,18,0,1128,172,539,0,111,12,988,394,174,7.48,13.95,16.1,18.94,,13.83,11.47,14.93,,,,,,7.68,,,,0,1658,1,1,0,1
28.1,14,16,20,23,0,0,15,16,0,630,751,488,0,210,20,1154,316,2,8.19,,7.33,9.46,,15.19,7.21,19.07,,,15.85,,10.87,5.7,19.71,,,1,1593,1,2,0,1
28.1,12,23,28,23,0,0,13,33,0,352,606,231,0,113,22,517,299,37,7.33,17.36,7.84,9.04,10.74,14.06,6.15,19.99,,,11.57,,,5.89,,,,0,1624,2,2,1,1
9.85,6,21,3,0,0,0,0,0,0,589,57,0,0,17,7,516,73,0,8.42,,9.71,,,,6.73,,,,,,,0.01,,,,0,1789,1,0,0,0
9.85,20,15,3,0,0,2,2,0,0,469,121,0,0,32,0,403,73,47,,,5.34,,8.65,,6.34,,,,,,,5.41,,,,1,1743,1,0,1,0
38.05,2,21,26,83,0,0,24,67,0,592,909,845,0,119,17,1600,284,0,8.95,37.71,8.43,16.37,9.44,12.23,7.07,21.72,,15.42,,29.33,19.38,6.22,22.49,13.09,,1,1643,1,3,3,1
38.05,39,20,24,81,0,0,23,57,0,439,575,692,0,150,7,884,310,43,7.66,17.95,8.58,19.9,9.54,10.83,7.07,18.45,,19.05,19.11,,,6.2,,11.86,21.29,0,1607,2,1,1,1
41.71,45,16,22,73,37,0,8,19,57,316,527,504,236,127,11,747,283,3,8.15,20.71,7.94,,8.97,13.22,6.58,19.42,32.68,16.53,10.22,,17.74,5.21,35.76,16.25,22.4,0,1844,1,0,5,1
41.71,9,19,19,49,23,0,18,34,63,410,483,575,306,101,2,973,229,71,11.63,13.95,6.86,13.62,9.59,9.62,7.4,17.86,31.69,35.41,21.27,18.36,27.28,6.12,,10.8,20.57,1,1845,1,4,4,1
27.89,32,20,18,32,0,3,4,31,0,454,462,366,0,89,13,694,262,20,8.69,22.44,6.62,9.32,,12.36,7.12,16.89,,,14.21,,,5.74,18.28,,,1,1640,1,3,0,1
27.89,7,20,28,10,0,0,19,32,0,473,603,239,0,73,10,893,151,1,6.64,26.01,8.16,9.09,11.17,16.24,6.71,18.56,,,10.01,,,6.15,19.7,,,0,1667,3,4,1,1
34.42,9,26,24,97,9,0,9,9,0,654,627,784,18,71,17,1084,313,316,9.6,9.45,7.73,8.91,,17.56,6.57,16.18,30.55,,10.02,16.82,24.25,5.12,32.23,,,0,1570,1,6,0,1
34.42,30,19,17,75,4,0,5,24,13,419,329,648,75,119,8,703,244,24,8.49,26.83,7.96,9.51,29.72,11.61,7.05,16.52,29.64,,10.7,17.55,25.38,6.1,17.77,31.84,,1,1608,1,2,3,1
24.35,8,16,31,6,0,0,31,1,0,366,819,18,0,52,20,833,170,4,9.04,15.98,6.92,8.48,10.88,14.36,6.4,20.94,,21.21,9.7,,19.62,5.41,,18.51,,0,1879,1,2,1,1
24.35,25,20,19,4,0,5,23,6,0,641,861,192,0,82,7,1237,230,7,6.58,17.54,5.94,13.19,9.57,15.14,7.08,19.48,,20.98,21.14,,17.42,6.67,,16.01,22.21,1,1847,1,2,1,1
43.47,36,21,18,114,12,0,7,42,2,435,369,792,49,78,17,892,291,0,10.31,15.81,8.18,9.43,34.36,30.53,7.16,17.36,38.27,,9.6,17.74,19.82,6.65,,,,0,1538,4,1,2,1
43.47,19,22,14,118,8,0,6,86,41,424,399,992,217,138,17,846,484,20,10.71,15.94,7.06,8.89,,22.81,6.61,16.56,36.48,37.41,17.3,17.33,11.82,6.1,28.49,37.39,39.41,1,1595,1,7,0,1
43.73,8,17,20,35,0,0,10,105,0,410,496,1240,0,136,2,1352,419,0,11.08,16.42,8.37,9.26,12.31,15.19,7.01,17.47,,,11.33,17.91,,5.79,22.9,40.13,,0,1572,1,5,1,1
43.73,13,18,25,158,0,0,13,133,0,416,449,1067,0,178,6,824,279,39,12.18,17.15,8.0,18.65,9.34,13.78,7.03,17.85,40.73,,22.19,40.92,34.62,6.07,19.34,14.92,,1,1579,5,5,1,1
37.85,38,17,24,40,3,0,15,96,0,498,751,959,14,136,15,1327,341,93,10.65,32.02,9.79,10.59,14.04,16.6,6.79,18.52,34.33,,9.5,,,5.29,19.9,,,1,1612,1,4,2,1
37.85,3,30,18,64,0,3,8,90,0,527,253,564,0,122,13,683,185,36,9.89,36.28,4.96,19.01,16.52,15.04,9.52,17.54,,,11.99,,,0.6,,30.7,35.84,0,1634,3,1,1,1
47.29,22,22,20,141,0,0,7,173,0,451,444,1232,0,173,9,1019,399,57,11.34,17.0,7.91,9.36,18.23,19.61,7.15,17.88,,,10.53,18.51,21.19,5.85,,,,0,1593,1,4,1,1
47.29,27,18,18,95,13,0,7,115,17,681,553,1577,133,224,24,1544,717,8,3.16,25.12,8.5,9.37,,15.61,7.08,16.96,40.62,,33.06,,22.34,6.21,18.01,44.41,,1,1645,1,3,0,1
27.28,37,22,51,0,0,0,61,0,0,381,826,0,0,102,2,657,213,24,11.62,22.44,7.1,9.44,11.52,13.84,7.25,,,20.09,9.55,,,6.78,23.32,14.92,,0,1646,1,2,2,1
27.28,39,21,24,17,0,0,36,20,0,705,1146,389,0,181,7,1702,170,2,9.79,,5.35,14.53,9.03,9.9,6.69,19.5,,20.13,20.8,,,6.32,,12.27,22.41,1,1619,1,1,2,1
31.69,38,20,26,26,0,0,33,46,0,560,815,382,0,205,11,942,304,54,5.59,,8.47,9.8,13.6,20.6,7.06,21.66,,,11.85,21.9,20.4,6.34,23.73,,,1,1771,1,2,1,1
31.69,27,18,31,35,0,0,28,46,0,400,696,301,0,125,2,781,231,22,11.48,20.42,7.93,9.3,10.18,16.0,7.06,21.85,,,,,,5.9,22.32,,,0,1657,1,3,1,1
18.67,42,21,19,0,0,0,11,0,0,324,381,0,0,61,8,387,122,27,11.12,16.65,7.58,9.29,12.01,14.86,7.03,18.42,,,9.36,,,6.43,,,,1,1615,1,2,1,1
18.67,11,24,20,0,0,0,11,0,0,419,316,0,0,66,4,447,130,0,11.44,,8.96,16.81,10.08,14.15,7.21,,,,12.01,,,6.63,,15.76,,0,1661,1,1,1,1
18.34,12,18,13,0,0,0,16,0,0,400,459,0,0,24,15,569,186,9,11.93,,7.5,,8.91,10.36,6.57,,,16.48,,,,5.51,,11.54,,1,1622,1,0,2,1
18.34,30,23,25,0,0,0,24,0,0,302,489,0,0,35,0,454,175,20,,,7.33,8.95,13.77,11.88,6.49,,,,9.26,,,6.16,,14.69,,0,1650,1,1,2,1
10.54,5,24,3,0,0,4,1,0,0,387,53,0,0,46,0,266,69,6,,,6.6,,9.32,,6.91,,,,,,,5.92,,,,1,1664,1,0,1,0
10.54,2,36,2,0,0,0,0,0,0,361,24,0,0,17,6,263,50,0,8.6,,8.54,9.85,,,7.33,,,,,,,6.33,,,,0,1675,1,1,0,0
17.95,19,17,13,0,0,0,12,0,0,370,472,0,0,55,4,516,151,38,13.29,,7.58,8.45,,16.73,6.22,,,,,,,5.6,,,,1,1742,1,1,0,1
17.95,22,17,20,0,0,0,10,0,0,453,480,0,0,31,13,657,152,2,9.75,,7.52,8.8,,16.08,6.55,,,,16.24,,,5.5,,,,0,1726,1,1,0,1
46.8,32,17,26,105,9,0,19,89,57,510,903,1093,214,197,7,1652,213,127,9.87,26.8,8.09,8.93,,13.01,6.65,19.53,38.15,,9.75,20.91,17.36,5.36,19.95,39.99,44.27,1,1862,2,2,0,2
46.8,26,17,22,72,15,0,25,38,73,666,901,876,478,216,43,1599,671,11,3.48,32.26,7.78,19.53,9.58,11.76,7.13,19.4,33.93,,20.96,20.92,,5.54,20.67,12.91,,0,1819,1,4,1,1
41.83,29,25,17,85,50,4,11,30,88,414,221,487,277,133,20,524,258,0,7.18,30.29,5.21,17.06,10.9,14.58,8.88,17.27,31.25,,25.27,18.38,22.63,8.49,,18.35,,0,1626,3,1,1,1
41.83,20,22,26,69,64,0,15,19,140,411,531,459,414,106,15,807,347,34,8.74,16.47,7.77,17.06,9.32,13.82,7.01,19.24,29.8,,11.53,,20.04,4.07,30.59,14.72,38.51,1,1629,1,4,3,1
22.67,36,32,19,6,0,0,14,2,0,418,429,117,0,83,8,512,149,30,10.55,,8.08,9.53,17.04,14.4,7.27,18.08,,,10.84,,,6.57,20.48,18.64,20.92,1,1646,1,1,1,1
22.67,10,26,28,6,0,0,8,0,0,299,409,92,0,55,10,461,145,2,10.99,15.68,8.23,9.1,,18.5,6.45,18.39,,,11.39,,,5.74,,,,0,1659,1,1,0,1
15.42,13,16,15,0,0,2,10,0,0,673,587,0,0,67,4,914,197,9,8.8,,5.07,,9.08,12.57,6.75,,,,,,,6.04,,13.7,,1,1838,1,0,1,1
15.42,31,22,9,0,0,3,5,0,0,586,277,0,0,36,0,648,109,1,,,5.48,,10.28,12.34,8.05,,,,11.83,,,7.48,,,,0,1842,1,0,1,1
23.54,33,22,25,3,0,0,26,9,0,426,626,41,0,83,20,632,213,19,9.22,18.65,8.16,,9.37,11.96,6.95,19.58,,16.34,,,,6.22,,13.12,22.38,1,1647,1,0,3,1
23.54,35,18,20,5,0,3,18,7,0,407,493,32,0,66,7,573,175,0,9.22,17.73,5.32,,10.48,12.83,7.03,19.22,,20.94,,,,6.26,,14.51,21.96,0,1669,1,0,2,1
31.39,40,22,24,29,0,0,15,22,0,399,538,405,0,109,13,677,310,36,10.49,19.63,7.25,,9.33,9.48,7.02,19.24,,20.65,20.26,20.24,22.06,6.64,,12.43,21.97,1,1633,1,0,3,1
31.39,9,19,17,5,0,0,33,21,0,313,562,336,0,96,8,742,203,2,6.61,15.2,8.22,,10.96,13.43,8.65,21.79,,28.78,,,,7.1,,16.54,28.82,0,1577,1,0,2,2
24.71,34,16,50,0,0,0,12,0,0,422,673,0,0,102,17,632,212,0,4.01,20.87,8.95,,,22.11,6.99,,,,,,19.67,6.15,,22.86,,1,2042,1,0,0,1
24.71,19,17,22,8,0,0,12,4,0,621,1129,316,0,99,1,1435,410,6,21.65,18.21,7.83,8.87,12.21,20.36,6.63,19.04,,,19.9,,,5.63,,21.15,,0,1961,1,1,1,1
11.62,28,21,10,0,0,0,5,0,0,361,195,0,0,55,0,309,105,27,,,,8.51,,,6.32,,,,,,,5.81,,,,1,1725,0,1,0,0
11.62,39,23,4,0,0,0,1,0,0,323,59,0,0,18,4,250,72,0,5.73,,9.26,,,,8.07,,,,,,,7.45,,,,0,1749,1,0,0,0
27.02,2,21,22,29,0,0,16,13,0,442,687,279,0,115,10,822,222,51,9.5,17.35,7.76,9.02,10.02,12.69,6.58,19.25,,,,,,6.21,20.62,13.46,,1,1715,1,2,1,1
27.02,29,30,22,8,0,2,22,33,0,624,473,221,0,97,13,837,201,0,4.6,18.61,7.94,19.61,12.69,19.99,7.41,19.48,,,20.99,,,6.52,20.67,,,0,1665,1,2,1,1
48.4,20,24,25,78,63,0,16,34,162,613,799,837,840,124,4,2065,260,4,7.18,18.8,7.5,8.56,10.07,14.47,6.32,19.79,33.23,16.39,10.9,21.55,18.22,5.77,38.1,15.93,22.6,0,1901,5,12,4,3
48.4,6,15,17,91,32,0,22,71,89,682,929,1045,812,290,12,2034,454,75,10.94,30.2,8.19,19.51,9.08,16.05,6.77,17.91,33.8,26.92,18.43,29.67,31.27,0.02,38.47,18.52,20.73,1,2034,1,5,2,1
54.69,22,18,18,79,45,0,13,57,319,541,721,798,773,141,28,1560,434,149,8.49,32.75,7.98,9.52,17.24,15.25,6.38,19.03,34.3,34.91,9.67,20.27,14.28,8.3,,21.13,26.66,1,2489,11,2,4,1
54.69,20,19,38,100,52,0,14,64,334,450,630,1016,1142,220,29,1417,558,275,5.19,31.49,7.43,18.6,14.03,17.74,6.28,18.14,33.75,43.7,9.94,18.95,26.3,4.62,19.93,41.41,42.45,0,2414,1,13,8,1
43.4,8,17,24,110,7,0,31,61,45,662,1026,1726,330,334,20,1477,424,971,7.92,20.66,7.41,8.92,11.87,14.31,6.8,19.15,36.14,,9.23,38.67,,6.04,19.5,15.73,,0,1888,4,7,1,2
43.4,37,20,32,81,28,0,19,17,45,453,817,504,295,176,33,1051,275,137,8.46,20.2,8.39,9.09,,15.68,6.72,22.28,33.4,,10.9,22.54,20.44,5.82,17.78,39.18,42.1,1,1833,4,3,0,1
20.62,20,18,26,0,0,0,12,0,0,652,962,0,0,44,4,1148,213,95,4.1,,6.8,8.46,9.94,12.92,6.22,19.51,,15.32,9.61,,,5.65,,13.76,,0,1705,1,1,2,1
20.62,16,27,23,0,0,0,27,0,0,419,468,7,0,104,11,455,168,22,9.69,,9.08,,9.86,11.58,7.08,17.85,,19.12,,18.71,,0.06,18.87,13.1,20.54,1,1745,2,0,2,1
44.13,36,23,21,125,26,0,12,75,104,440,497,838,314,205,8,846,341,55,10.68,15.45,8.28,9.33,11.7,16.3,7.0,18.1,35.01,,9.4,19.76,29.48,6.21,19.26,17.04,37.1,1,1702,8,10,1,1
44.13,26,24,23,69,61,0,26,27,56,672,700,827,589,382,2,1433,414,13,12.68,31.77,7.97,16.8,8.94,9.94,6.64,18.11,32.02,,19.7,19.92,29.03,6.33,29.11,11.41,20.86,0,1645,1,5,1,1
16.24,20,19,25,0,0,3,10,0,0,503,546,0,0,74,8,658,232,1,11.25,,5.29,,9.76,12.99,6.38,,,15.62,10.64,,,4.88,,,,0,1784,1,0,1,1
16.24,1,16,18,0,0,0,11,0,0,364,343,0,0,62,4,420,130,13,9.28,,8.17,12.43,9.03,11.2,6.59,,,,,,,5.71,,13.41,,1,1790,1,1,1,1
27.16,5,23,24,16,0,4,21,20,0,341,610,257,0,108,7,671,219,25,12.34,18.07,6.59,19.59,8.99,15.11,6.71,19.04,,19.89,,20.96,,6.24,,15.84,22.31,1,1775,1,1,2,1
27.16,20,15,22,20,0,0,14,7,0,521,761,195,0,87,21,1005,165,62,7.68,15.46,7.33,8.46,9.79,12.26,6.02,19.59,,22.28,20.72,20.77,17.61,5.21,,13.32,23.0,0,1755,1,1,3,1
44.87,43,18,20,71,31,0,2,32,71,324,296,584,300,105,5,678,265,4,9.48,13.74,7.09,9.3,,10.87,7.01,16.75,32.61,,10.05,20.09,28.95,6.68,35.13,25.6,37.52,1,1655,6,6,0,1
44.87,18,25,24,63,0,0,21,105,0,553,556,1206,0,143,21,1329,389,10,9.09,18.77,8.02,,9.0,13.09,6.69,18.91,,,21.01,19.46,23.05,5.69,41.18,17.21,27.6,0,1671,6,0,2,1
34.61,29,25,23,67,0,1,14,58,0,443,498,810,0,149,11,889,329,12,9.25,16.54,7.64,16.26,9.78,14.75,6.73,17.44,32.42,,10.01,33.07,24.99,7.41,26.76,18.57,19.14,1,1759,2,5,2,1
34.61,12,22,24,64,0,0,16,24,0,396,482,622,0,90,9,892,197,7,8.33,24.99,7.56,8.55,12.6,17.77,6.34,17.78,,23.18,19.63,18.97,,4.56,,19.58,20.6,0,1769,1,2,2,1
43.51,33,19,18,117,9,0,18,16,57,594,656,876,380,175,6,1535,329,52,10.28,16.63,8.03,,10.49,12.56,6.71,17.55,33.78,16.34,8.94,,32.07,6.11,42.28,16.33,20.27,0,2443,6,0,7,1
43.51,9,20,18,102,42,0,17,58,63,752,680,1310,537,185,11,1636,423,556,4.26,10.46,7.29,12.73,9.71,14.19,7.52,15.81,32.13,32.61,23.08,31.85,25.02,6.73,39.81,16.53,18.83,1,2139,1,5,4,1
50.29,31,20,24,118,23,0,14,204,64,384,587,1142,204,198,20,1024,391,52,8.95,16.85,8.74,20.02,9.51,10.98,7.05,18.36,42.61,19.86,34.44,,32.0,5.87,33.54,15.28,21.13,0,1697,7,4,3,4
50.29,23,19,21,37,36,0,10,46,136,397,516,614,756,329,20,1075,402,1,8.43,17.54,7.52,9.46,13.44,14.02,7.16,18.69,30.79,17.78,10.04,19.85,20.47,6.59,25.67,14.83,39.57,1,1685,1,6,1,1
29.34,43,19,19,21,0,0,14,57,0,449,447,337,0,109,12,642,262,22,11.78,16.15,8.22,,9.82,12.92,7.0,17.57,,,10.62,,,6.55,18.62,13.72,,0,1806,3,0,1,1
29.34,45,17,31,19,0,0,15,33,0,472,1055,533,0,96,10,1052,255,465,11.69,18.35,6.82,8.1,,15.14,5.84,19.13,,,8.53,,16.53,4.79,15.96,,,1,1789,1,3,0,1
39.25,29,22,38,38,0,0,27,28,0,387,783,423,0,143,5,747,390,15,8.9,20.11,8.75,15.18,9.6,13.3,6.56,25.93,,,8.17,,,8.05,19.56,14.16,,0,1789,1,1,1,1
39.25,7,16,38,53,0,0,27,33,0,629,1224,621,0,141,36,1514,421,52,14.47,27.28,8.2,27.77,8.9,14.46,6.35,25.18,38.55,,,,,4.51,,15.5,,1,1764,2,1,3,1
28.51,45,16,20,17,0,0,8,18,0,431,493,321,0,91,14,678,271,63,10.55,14.9,6.87,8.54,,18.61,6.32,17.5,,,,,,5.46,,,,0,1747,1,1,0,1
28.51,33,24,28,16,0,0,10,45,0,546,726,321,0,100,14,980,308,17,2.49,,8.16,19.45,15.57,15.61,7.39,19.13,,,10.05,20.83,,5.9,,19.63,22.13,1,1738,1,1,3,1
24.02,24,19,33,0,0,0,65,0,0,415,867,0,0,94,3,672,297,70,11.89,,7.5,8.81,10.14,16.27,6.6,,,18.9,8.9,,,6.15,21.41,16.95,,0,1713,1,1,3,1
24.02,4,17,23,0,0,0,40,4,0,609,955,11,0,91,3,1108,226,4,7.13,,8.22,9.11,13.8,15.02,6.72,21.1,,,10.61,22.63,17.6,5.54,22.76,18.89,,1,1783,1,2,1,1
71.84,25,21,18,68,255,0,18,70,661,436,450,819,2126,354,12,1452,621,82,10.25,28.5,7.88,10.22,8.87,14.06,6.67,16.58,30.87,18.31,17.79,17.78,48.55,5.84,49.49,17.72,19.59,0,1729,1,8,3,1
71.84,6,23,19,127,201,0,27,122,802,350,397,870,1520,234,14,1388,363,80,9.78,15.03,8.32,37.0,9.08,18.09,6.86,17.08,34.75,20.33,9.38,38.91,27.11,0.04,41.53,18.82,19.77,1,1691,17,21,24,2
43.51,40,17,18,115,34,0,18,81,28,419,430,956,283,239,14,835,400,62,9.66,13.5,7.63,18.19,8.96,9.57,6.57,16.95,35.28,,19.08,,35.93,5.97,28.46,17.44,20.55,0,1713,5,1,3,1
43.51,37,18,18,74,40,0,3,37,23,537,304,647,277,96,2,961,224,1,9.34,17.48,35.56,10.1,,14.21,6.55,15.85,32.33,,9.05,16.39,22.83,5.31,34.96,40.59,,1,1731,1,6,0,2
30.99,22,28,20,39,0,0,9,53,0,591,1267,968,0,106,18,1291,356,820,7.64,18.65,7.41,8.87,,15.37,6.67,17.36,,,19.85,17.98,,5.59,,,,1,1817,1,3,0,1
30.99,29,25,27,56,0,0,25,21,0,347,503,383,0,111,29,478,265,40,10.47,28.6,7.55,,8.65,17.13,6.55,19.88,,,21.13,21.15,,5.79,,18.01,,0,1711,2,0,1,1
39.54,26,26,20,121,18,0,6,78,34,467,457,856,136,159,9,929,264,60,10.91,18.87,7.26,8.86,,15.98,6.65,16.68,33.86,,10.27,,34.88,5.9,17.63,36.74,,1,1714,1,5,0,1
39.54,10,20,27,62,19,0,15,35,29,568,801,1115,322,125,13,1885,266,126,6.9,22.81,7.94,8.95,13.37,18.42,6.7,18.24,31.05,,9.88,20.38,32.46,6.29,25.85,19.2,21.08,0,1676,1,3,1,1
38.94,38,19,20,73,17,0,7,44,57,429,488,730,177,160,5,859,312,37,10.44,19.87,7.59,8.89,,17.2,6.68,17.85,31.82,,8.98,32.07,26.91,6.15,20.6,,,1,1698,5,5,0,1
38.94,27,16,21,73,20,0,9,40,12,579,672,837,125,200,11,1285,414,0,7.52,15.98,7.97,9.23,13.14,14.59,6.82,17.81,32.48,,27.29,,34.7,6.01,33.61,18.38,22.54,0,1627,1,4,1,1
44.76,45,23,4,119,0,0,0,93,0,746,243,1633,4,207,0,1507,443,17,,10.6,8.97,10.62,,21.14,7.87,11.65,41.4,,12.13,31.69,20.82,7.14,31.54,32.54,34.29,1,1694,1,1,0,1
44.76,6,22,19,132,2,0,15,95,15,389,525,1115,34,183,12,855,361,116,10.39,16.72,9.04,18.52,9.91,11.21,7.48,18.04,40.56,19.88,10.21,,40.85,0.03,33.79,12.44,35.85,0,1731,1,5,2,1
17.84,8,18,20,0,0,0,16,0,0,293,506,0,0,49,8,515,110,25,6.92,,6.89,8.91,11.86,12.84,6.75,,,14.92,9.37,,,5.93,,14.91,,1,1744,1,1,1,1
17.84,40,22,19,0,0,0,18,0,0,415,379,0,0,76,20,401,195,21,10.04,,8.69,,10.37,16.94,8.14,,,,,,,5.92,,,,0,1711,1,0,2,1
26.28,3,20,44,0,0,0,52,0,0,446,865,0,0,107,20,726,256,40,8.66,18.43,7.74,9.02,9.07,12.16,6.58,,,,11.14,,,3.89,,13.22,,0,1743,1,3,1,2
26.28,11,21,26,2,0,2,55,3,0,627,1052,52,0,114,8,1143,299,7,9.25,,4.76,12.9,10.13,15.05,7.92,22.84,,18.65,10.69,,,6.95,17.5,16.41,26.06,1,1782,1,1,2,1
12.4,29,25,6,0,0,5,3,0,0,485,96,0,0,42,0,413,55,7,,,5.89,,,,7.95,,,,,,,7.44,,,,0,1673,1,0,0,0
12.4,33,25,9,0,0,0,4,0,0,441,178,0,0,55,17,347,127,26,8.29,,8.03,9.18,12.34,,6.65,,,,10.84,,,5.85,,,,1,1713,1,1,1,0
16.31,18,22,13,0,0,4,15,0,0,436,323,0,0,54,8,513,101,1,10.08,,5.12,15.55,9.45,11.25,7.24,,,,,,,6.16,,,,0,1689,1,1,1,1
16.31,44,24,20,0,0,2,9,0,0,443,340,0,0,72,9,431,144,28,9.74,,7.35,,9.55,12.44,6.65,,,,,9.0,,6.18,,13.26,,1,1697,1,0,1,1
42.42,39,20,20,104,4,0,18,99,41,390,414,1044,135,176,6,836,377,47,10.22,13.86,8.58,15.69,9.55,16.94,6.66,16.57,36.4,19.32,26.13,,35.13,6.13,29.83,18.33,19.33,1,1700,7,2,5,1
42.42,14,19,21,83,8,0,12,44,27,474,582,786,127,166,11,1101,305,2,5.98,16.93,7.86,20.8,9.44,13.73,7.17,19.23,36.32,36.59,9.79,19.82,27.68,6.31,21.42,14.5,36.59,0,1664,1,3,6,1
42.26,42,17,20,96,35,0,10,36,41,366,455,618,188,81,16,961,132,4,7.68,26.39,7.27,8.46,13.1,19.08,6.21,18.21,34.07,,8.94,20.18,29.97,8.58,,31.3,33.2,0,1625,1,5,4,1
42.26,18,18,23,85,18,0,22,32,36,453,450,745,194,156,22,866,329,61,9.83,17.9,7.48,21.07,8.88,17.27,6.62,18.65,34.23,,35.54,,,5.82,,19.37,21.73,1,1700,2,2,3,1
37.8,14,21,17,51,0,0,9,60,0,437,282,739,0,72,16,841,274,3,4.31,,7.63,10.05,,14.91,7.48,17.1,,,10.29,18.7,33.55,9.93,19.11,,,0,1697,2,1,0,1
37.8,34,21,40,76,6,0,7,45,18,507,662,760,106,136,5,1069,350,35,10.57,17.47,7.6,8.88,20.23,21.22,6.65,19.08,32.78,,11.43,29.68,21.02,5.29,24.23,,,1,1728,1,4,1,3
12.67,24,24,2,0,0,0,1,0,0,679,114,0,0,46,4,510,184,8,10.99,10.92,9.21,10.78,,,8.47,,,,,,,7.35,,,,0,1708,1,1,0,0
12.67,33,25,11,0,0,0,5,0,0,397,171,0,0,42,2,320,126,7,7.78,,7.65,8.92,,,6.57,,,,9.53,,,6.02,,,,1,1752,1,1,0,0
48.08,30,19,19,122,74,0,12,40,141,419,479,732,578,168,11,925,419,61,12.42,19.37,7.63,8.88,,16.89,6.43,17.43,33.67,35.78,9.01,,16.49,5.96,18.48,37.0,38.87,0,1735,4,10,0,1
48.08,41,16,18,79,39,0,9,63,68,538,634,1150,604,169,13,1621,382,202,9.82,17.09,7.47,9.0,15.41,19.08,6.66,17.89,35.61,20.82,16.62,18.42,15.75,6.14,42.38,19.94,20.76,1,1755,2,7,1,1
33.54,45,18,28,47,0,0,19,23,0,424,594,480,0,134,5,805,284,39,12.43,18.27,7.23,8.58,16.6,15.36,6.32,19.39,,,10.47,,30.33,7.01,,20.3,,0,1744,1,3,1,1
33.54,20,16,16,74,0,0,11,36,0,513,603,1036,0,91,18,1316,256,170,10.4,25.2,7.61,9.01,14.89,16.26,6.41,16.17,,,17.48,,20.01,6.19,,17.08,19.67,1,1899,1,3,1,1
41.99,23,16,21,94,12,0,7,61,52,471,575,849,248,158,9,1056,361,63,13.78,19.78,7.67,8.87,13.46,18.58,6.65,16.61,33.83,29.77,9.86,,27.59,5.74,31.36,29.76,36.85,1,1727,1,14,5,1
41.99,29,29,20,95,7,1,14,81,13,518,487,1110,46,146,14,1280,322,0,4.58,40.52,7.66,33.7,9.39,13.91,7.86,17.35,37.15,20.14,27.45,32.7,29.46,6.93,39.0,18.06,18.98,0,1747,6,3,3,1
42.43,8,20,20,88,36,0,7,38,82,499,349,562,412,172,5,907,229,4,10.32,27.82,7.27,8.88,,15.21,6.77,16.51,30.34,,10.0,16.9,18.64,5.44,17.9,37.55,,0,1719,1,11,0,1
42.43,6,21,18,97,24,0,5,52,110,442,455,798,405,140,6,1000,287,61,10.26,21.86,8.0,9.02,,15.89,6.74,16.59,30.78,37.75,16.92,16.56,18.05,0.02,18.21,32.76,33.83,1,1720,1,7,0,1
36.66,24,16,26,69,0,0,22,52,0,324,497,686,4,107,8,861,192,13,5.94,18.34,7.64,11.65,9.27,15.16,6.98,19.43,33.36,23.05,20.16,19.47,29.01,6.62,,16.5,22.27,1,1796,1,1,4,1
36.66,7,24,20,60,0,0,16,72,0,395,637,546,0,118,8,879,250,26,10.6,16.57,8.19,9.77,11.76,16.98,7.19,20.82,,18.16,11.49,21.18,19.87,6.69,21.97,18.15,30.2,0,1790,1,4,3,1
45.51,32,16,20,80,31,0,9,67,30,342,397,856,190,76,16,999,296,4,8.16,,6.75,8.69,23.38,13.61,6.47,18.22,37.66,28.2,11.12,18.93,37.72,5.4,15.21,23.46,24.88,0,1726,1,3,2,1
45.51,31,17,20,92,23,0,13,62,77,358,376,850,405,172,27,991,313,29,7.68,16.0,8.59,24.8,9.67,18.68,6.93,17.55,34.36,19.43,10.65,18.82,14.97,6.41,,19.44,20.24,1,1736,1,5,3,1
35.41,20,14,21,68,0,0,10,68,0,561,733,1061,0,145,20,1181,359,343,8.88,20.61,7.75,8.61,,17.3,6.16,17.62,,,9.82,25.73,15.37,7.13,29.4,,,0,1864,1,4,0,1
35.41,28,15,20,61,6,0,11,56,1,418,490,688,71,112,6,1012,175,87,5.39,27.62,,8.66,12.16,17.62,6.43,17.2,30.99,28.06,9.97,18.31,28.92,10.37,,18.35,20.02,1,2003,0,2,6,1
36.86,45,21,20,23,0,0,21,101,0,387,463,1014,0,163,11,1002,274,140,4.62,18.62,7.29,8.53,14.75,16.19,6.32,17.22,,,9.37,,,5.67,19.07,18.56,20.25,1,1833,1,1,2,1
36.86,23,21,20,66,0,0,4,123,0,387,453,798,0,131,12,874,309,14,9.68,15.26,7.29,8.45,,18.73,6.26,17.02,,,10.32,,,5.82,19.36,,,0,1766,1,4,0,1
43.4,18,20,23,89,24,0,20,29,131,797,1124,1280,664,223,14,1937,334,817,9.14,,8.16,35.32,9.8,13.76,6.98,18.77,31.67,,13.59,20.77,25.45,6.42,37.81,14.52,21.51,1,1724,1,7,1,1
43.4,30,22,16,94,21,0,8,64,98,395,451,796,444,139,9,1060,341,20,8.14,21.78,8.07,9.06,16.52,12.51,6.62,16.64,31.45,28.0,17.15,,34.02,5.77,,17.74,19.47,0,1740,1,6,4,1
37.45,33,16,27,80,0,0,19,45,0,445,407,733,0,103,17,930,172,2,9.23,24.79,7.1,19.29,8.93,11.2,6.7,18.91,35.05,,19.99,17.97,20.64,5.26,29.43,12.51,21.61,0,1735,1,4,1,1
37.45,27,23,19,107,2,0,8,58,28,456,469,756,155,137,7,982,262,14,9.39,23.29,7.57,9.08,10.91,15.22,6.81,17.65,31.79,34.98,10.32,19.72,25.55,6.02,19.88,34.96,,1,1707,1,4,1,1
37.13,18,24,24,69,0,0,17,29,0,432,393,828,0,124,14,833,326,63,9.51,16.21,7.87,,9.33,11.33,6.76,17.99,35.74,,10.77,,9.92,6.49,,12.33,21.74,1,1713,1,0,1,1
37.13,9,15,18,69,3,0,8,51,1,441,427,938,32,145,9,930,263,228,9.39,9.24,7.53,8.51,10.49,14.59,6.22,15.48,33.16,22.64,,,22.38,5.34,,15.89,18.26,0,1762,2,1,4,1
43.54,9,18,18,52,26,0,8,82,31,318,304,731,204,108,2,781,282,4,14.31,15.49,7.5,17.07,9.52,10.97,7.02,17.37,35.59,13.28,18.0,37.48,40.21,6.02,25.9,11.93,29.73,1,1721,1,2,4,1
43.54,43,24,20,133,30,0,9,138,22,392,523,918,215,148,9,957,327,23,10.98,16.2,7.73,9.04,9.62,15.16,6.75,17.72,35.34,18.39,10.07,19.08,,6.38,27.09,16.39,20.58,0,1723,4,3,3,1
23.74,12,25,28,0,0,5,23,0,0,462,713,0,0,32,15,854,156,7,8.6,18.99,6.37,,9.1,12.35,6.87,22.84,,,23.18,,,8.92,,19.6,,0,1752,1,0,1,1
23.74,29,30,31,0,0,1,19,0,0,378,626,0,0,81,11,526,185,42,7.79,18.86,6.76,,8.46,15.09,6.93,21.96,,19.09,16.35,19.11,,6.12,,16.59,23.69,1,1773,1,0,2,1
26.19,44,58,0,0,0,23,0,0,0,991,0,0,0,74,50,571,222,0,5.11,,4.18,,,,,,,,,,,3.07,,,,0,1723,1,0,0,0
26.19,30,25,43,0,0,0,17,0,0,394,727,0,0,80,16,583,293,25,4.87,17.26,8.59,,9.68,18.71,6.86,,,24.5,24.57,,,6.26,,21.73,,1,1776,1,0,1,2
41.37,39,28,21,111,0,3,9,49,0,1094,1144,1551,0,89,17,1954,353,1047,5.58,14.91,5.06,,11.74,17.77,6.64,17.43,,,8.94,,20.47,5.7,,18.84,20.13,0,2255,1,0,5,1
41.37,3,19,15,152,10,3,8,90,1,525,457,1275,75,210,1,1150,411,7,11.67,14.06,6.98,29.94,9.49,17.77,7.2,15.33,37.16,22.25,17.11,15.65,18.35,5.69,34.84,18.78,20.64,1,2278,1,4,4,1
39.19,28,24,25,91,0,0,15,56,8,417,583,916,21,115,9,942,345,50,13.01,29.42,7.58,8.87,12.56,19.64,6.48,18.4,35.54,20.94,9.2,18.9,34.49,6.24,36.92,20.93,23.62,1,1747,1,6,1,1
39.19,33,16,23,87,0,0,33,39,0,449,726,839,0,98,9,1252,330,45,7.87,18.37,8.29,26.62,9.19,14.25,6.79,19.51,,20.77,,,36.86,7.46,,15.54,22.38,0,1747,1,2,3,1
35.2,25,24,19,55,0,0,20,52,0,390,470,715,9,118,11,869,239,58,8.3,20.37,7.42,20.05,8.62,10.48,6.42,17.53,31.82,18.16,18.58,18.17,,5.83,,11.26,20.26,1,1763,1,1,3,1
35.2,9,36,4,87,0,0,0,29,0,740,123,1091,0,150,11,1072,431,25,5.41,11.5,7.41,11.65,,13.03,9.23,13.35,,,13.79,34.05,34.89,8.26,33.84,33.85,,0,1732,1,1,0,2
46.95,25,28,35,76,55,0,23,79,109,440,721,884,404,171,22,1135,475,74,9.46,14.67,7.82,21.44,10.19,12.93,6.75,21.28,35.3,,11.55,22.61,27.5,6.74,35.9,16.09,24.01,1,1731,4,1,5,1
46.95,38,22,28,84,18,0,24,139,69,481,944,1212,256,165,3,1788,417,39,12.22,38.14,7.36,8.6,10.71,18.23,6.4,19.63,39.45,20.9,13.28,39.69,33.95,9.0,23.93,19.04,42.45,0,1731,1,10,6,1
51.28,13,24,19,93,102,4,21,76,371,423,539,775,696,180,10,953,380,101,4.9,17.62,8.47,19.38,9.79,16.13,7.55,18.71,32.84,19.62,26.63,,29.1,6.37,29.52,16.98,,1,1760,6,4,1,1
51.28,27,22,29,139,78,0,14,111,101,820,1142,1391,783,415,23,2021,407,467,7.4,36.61,9.28,10.08,11.58,16.35,6.4,19.03,37.23,33.29,19.74,37.1,30.48,5.85,20.81,19.48,23.24,0,1754,1,6,4,2
33.89,6,28,18,84,6,0,7,39,9,420,452,684,52,136,18,783,245,35,9.2,24.85,8.02,9.08,15.69,13.23,6.72,16.13,29.82,29.15,9.66,17.57,25.72,0.02,,17.28,19.82,1,1814,1,2,4,1
33.89,11,27,17,98,0,0,13,46,0,425,437,661,0,128,11,758,132,132,3.93,16.92,8.79,10.19,12.2,15.01,7.95,17.65,33.67,21.75,10.27,19.4,,7.39,31.07,15.91,20.46,0,1929,1,3,2,1
35.74,38,23,22,93,0,0,10,142,0,452,409,786,0,100,14,791,229,51,4.96,31.84,7.89,9.16,,17.03,6.7,17.51,,,11.6,18.56,18.49,6.09,18.22,,,0,1787,1,5,0,1
35.74,2,16,18,78,0,0,5,92,1,332,221,644,9,112,8,509,165,23,9.48,31.49,7.19,9.1,31.68,14.66,6.74,16.86,32.41,,,17.36,34.16,5.44,17.86,,,1,1828,3,3,2,1
41.09,30,25,20,114,23,5,19,46,25,678,1045,1292,168,312,0,1951,412,15,,15.48,5.28,17.64,9.67,12.31,6.71,17.82,35.58,28.38,18.56,,33.04,5.94,19.58,13.87,27.87,0,1735,1,3,3,1
41.09,31,21,27,77,1,0,17,60,3,427,598,939,50,96,16,1055,389,38,9.23,17.48,7.58,8.9,10.13,14.35,6.7,19.8,37.09,34.42,17.98,38.26,34.48,6.28,,15.8,23.02,1,1788,1,3,3,1
22.93,3,25,3,3,0,0,0,19,0,898,441,429,0,271,19,853,556,0,9.03,11.49,,,,13.27,8.03,14.73,,,,,,1.07,,,,1,1771,0,0,0,1
22.93,6,29,24,0,0,3,38,0,0,383,521,0,0,35,8,578,129,11,9.14,19.62,5.96,22.25,10.35,13.31,8.15,21.27,,14.94,,,18.11,0.02,,14.26,,0,1726,1,2,3,1
46.69,41,23,27,101,64,0,21,33,56,477,621,756,428,164,23,1009,419,41,9.1,17.37,7.87,16.49,9.5,13.41,6.95,19.95,35.35,21.89,20.91,20.91,28.64,6.51,44.99,14.74,22.73,0,1790,1,4,2,1
46.69,16,19,24,117,11,4,27,112,65,474,574,887,181,134,9,1044,330,26,7.26,19.2,5.67,,9.16,12.28,6.67,20.12,38.82,15.83,20.67,20.69,22.51,0.02,32.57,13.07,22.87,1,1738,9,0,1,1
51.23,42,26,22,20,75,3,33,16,142,532,589,455,700,133,7,1303,287,23,5.47,32.86,5.04,20.41,11.15,14.96,8.9,20.32,28.4,20.96,21.76,,28.12,7.4,36.85,15.82,23.04,0,1817,1,6,5,1
51.23,25,22,30,16,58,0,29,44,85,405,646,461,907,180,33,1293,433,38,8.54,20.2,8.3,14.04,10.24,11.78,6.62,20.81,29.85,18.3,12.3,19.39,,6.27,,12.38,23.55,1,1852,2,1,3,1
24.75,20,22,33,2,0,0,28,2,0,400,724,24,0,66,5,648,228,18,7.25,21.08,8.49,19.12,9.49,14.47,6.35,21.55,,17.3,,,17.54,6.45,,15.26,24.3,0,1879,1,1,1,1
24.75,1,21,30,6,0,4,37,2,0,405,544,105,0,78,4,649,129,36,13.15,,4.56,,10.69,13.42,8.34,20.06,,15.49,11.29,,,6.86,,14.35,22.82,1,1907,1,0,1,1
37.7,3,25,28,63,0,3,16,35,2,422,570,786,9,131,6,947,286,48,7.93,26.23,7.3,19.78,9.31,15.34,7.07,18.65,34.33,,20.61,20.59,,1.33,,16.18,27.02,1,1835,2,1,1,1
37.7,6,21,2,60,0,0,0,54,0,551,226,1481,0,233,11,1401,389,11,4.97,10.77,,,,11.65,8.32,12.97,,,16.5,,,0.02,,26.32,28.24,0,1861,0,0,0,1
17.13,28,22,20,0,0,0,17,0,0,418,433,0,0,39,7,618,99,1,7.36,,,,8.93,11.79,6.73,,,12.77,16.37,,,6.13,,12.83,,1,1794,0,0,2,1
17.13,13,30,16,0,0,0,18,0,0,470,383,0,0,61,9,495,161,22,8.75,16.61,6.23,,9.78,12.98,7.44,,,16.74,10.22,,,7.13,,,,0,1818,1,0,1,1
47.59,21,36,23,94,38,4,24,41,84,720,487,1074,555,107,9,1630,386,162,9.13,15.11,3.01,,12.02,16.01,9.05,19.61,35.83,20.19,11.67,,31.78,8.57,41.88,16.69,22.33,1,1826,5,0,3,2
47.59,25,28,17,134,70,0,19,32,112,436,440,699,572,139,10,905,357,15,6.01,17.37,7.87,39.85,8.92,13.73,6.7,18.15,32.9,18.93,,,16.82,6.24,42.34,14.43,20.88,0,1834,1,1,5,1
65.1,1,23,22,55,118,0,19,80,208,542,705,1222,1580,175,7,2447,591,69,7.56,35.06,7.28,,8.52,9.89,6.27,18.06,36.16,18.7,30.05,19.33,31.06,5.72,,12.88,21.32,0,1740,4,0,16,1
65.1,19,19,17,89,154,0,12,23,319,394,361,723,1379,157,14,1110,547,43,9.95,29.16,7.29,8.93,9.06,12.02,6.48,16.32,32.49,18.03,9.8,18.74,37.32,6.23,34.99,17.27,19.12,1,1772,24,8,8,2
41.24,10,17,20,88,13,0,11,86,42,469,582,875,185,112,10,1255,298,1,9.47,17.35,8.26,8.99,19.03,14.17,6.67,18.13,34.51,22.55,9.55,18.67,20.41,5.7,35.92,19.48,20.9,1,1915,1,4,4,1
41.24,35,18,23,124,0,0,10,117,0,403,573,1031,0,116,10,1034,325,37,6.85,14.92,7.43,8.62,17.98,15.22,6.2,17.85,38.49,26.24,9.78,18.27,30.17,6.58,,18.95,20.58,0,1847,2,3,3,1
44.73,21,22,27,111,0,0,23,226,0,406,593,1119,0,157,12,1040,371,52,9.3,22.4,7.82,,8.9,11.4,6.69,20.65,,15.1,15.76,,21.95,5.86,22.67,12.03,,0,1864,7,0,1,1
44.73,2,16,28,108,6,0,24,75,21,440,884,1197,126,208,23,1504,533,10,8.11,20.26,7.8,8.74,11.11,18.62,6.34,21.14,39.43,,,35.55,9.46,5.18,30.55,21.94,24.39,1,1834,1,6,2,1
58.09,27,20,17,82,14,0,10,154,87,423,266,1519,378,205,11,1383,443,4,9.79,38.32,8.18,9.22,15.87,13.24,7.02,16.53,45.31,24.18,17.47,20.02,31.21,13.87,30.19,17.51,19.95,0,1800,1,9,2,1
58.09,30,21,15,91,130,0,5,71,225,394,325,741,1078,146,9,1181,435,43,10.16,29.44,8.06,9.3,23.09,15.09,6.94,16.09,32.64,23.66,9.5,,17.23,6.83,17.59,23.65,35.91,1,1866,2,5,3,1
15.67,14,18,2,0,0,0,0,0,0,566,238,36,0,70,9,567,159,0,4.83,9.99,,,,9.66,7.39,12.21,,,,,,6.95,,14.49,,0,1781,0,0,0,1
15.67,8,26,15,0,0,0,6,0,0,523,422,0,0,75,2,659,124,2,8.29,,7.2,9.12,,12.24,6.96,,,,,,,5.9,15.31,13.0,,1,1794,1,1,0,1
45.21,4,23,19,188,0,0,20,302,0,446,521,1407,0,127,9,1070,353,30,11.59,15.85,7.79,8.92,10.38,18.78,6.55,17.44,,19.64,14.79,19.36,14.4,6.28,29.16,19.63,22.35,1,1801,7,8,2,1
45.21,7,23,19,36,23,0,19,72,72,639,707,793,757,188,12,1816,424,56,7.47,16.35,8.19,18.84,9.32,17.87,7.08,18.55,29.84,,10.9,25.98,,6.25,19.75,20.13,,0,1854,1,4,2,1
22.78,44,20,22,7,0,1,17,21,0,497,526,134,0,90,5,675,166,87,8.81,16.66,8.29,,9.63,11.48,7.28,17.44,,,10.73,,,3.76,,12.29,,0,1782,3,0,1,1
22.78,42,20,19,7,0,0,14,16,0,630,779,500,0,99,8,935,176,560,9.26,,7.48,16.61,8.65,14.37,6.33,15.92,,17.1,18.49,17.87,,4.66,,16.49,18.77,1,1887,2,1,2,1
33.28,38,22,25,59,0,0,15,34,0,507,687,532,0,96,11,990,290,74,7.28,18.94,7.04,8.93,13.84,15.69,6.7,19.66,,16.79,9.01,,18.72,6.06,20.55,16.45,,0,1823,1,3,1,1
33.28,31,16,36,102,0,0,32,78,0,596,961,754,0,76,10,1604,279,16,11.76,33.05,7.55,8.52,10.44,12.91,6.25,19.62,,,8.49,20.13,16.93,5.52,,14.25,22.38,1,1869,1,1,4,1
38.13,3,27,17,68,0,0,12,93,0,417,370,982,0,144,14,834,354,58,5.69,18.02,7.84,,10.78,13.97,7.01,16.05,,,9.23,,,3.23,37.87,17.15,,1,1826,1,0,2,2
38.13,12,28,3,7,0,0,0,77,0,331,85,1084,0,92,8,981,269,9,11.81,9.47,12.25,,13.29,10.04,7.18,10.57,,,,,,4.78,,15.48,20.43,0,1847,1,0,2,1
39.87,6,14,26,90,29,0,27,67,33,417,648,775,123,137,31,899,391,58,5.63,16.31,7.7,8.85,10.2,13.67,6.63,19.45,33.47,15.17,8.92,21.21,30.2,0.01,20.3,14.4,22.2,0,1810,3,1,2,1
39.87,33,18,17,123,0,0,20,106,9,483,562,1091,51,122,8,1082,355,169,6.25,38.76,7.8,16.53,8.86,11.59,6.49,16.75,35.46,27.59,18.5,18.52,22.1,5.1,32.55,14.63,19.72,1,1814,1,5,3,1
37.76,37,20,20,71,0,0,18,60,0,410,724,800,0,122,20,1057,344,78,2.68,15.87,31.8,21.26,9.67,13.21,6.64,18.99,,31.68,9.0,,23.88,6.14,35.91,16.72,26.53,0,1810,2,1,1,1
37.76,53,23,23,87,1,0,18,68,0,549,989,1400,15,143,6,1975,346,89,23.69,32.16,7.14,8.46,11.86,17.86,6.22,16.25,34.46,,,27.98,28.4,5.51,18.44,18.43,,1,1900,1,3,1,1
39.21,30,19,21,81,0,0,11,90,1,508,434,998,22,130,13,924,373,99,9.01,14.55,7.95,18.45,9.35,11.04,7.0,17.69,35.47,32.11,9.53,19.03,22.67,6.37,19.2,14.29,,1,1798,2,6,1,1
39.21,27,17,18,85,19,0,4,35,19,687,742,926,192,151,12,1423,590,1,5.4,31.54,7.79,8.86,35.77,15.58,6.67,17.22,31.85,35.72,9.39,32.36,35.67,6.01,20.18,33.3,35.16,0,1804,2,5,1,2
48.86,2,16,34,83,34,0,20,83,103,297,507,823,274,86,15,969,179,28,10.15,47.76,7.13,8.14,12.06,15.35,5.91,19.68,37.74,30.99,,,32.27,5.47,33.63,20.61,30.51,0,1749,4,4,6,2
48.86,30,29,21,121,24,4,15,81,171,448,454,1094,451,174,12,920,470,101,9.08,27.49,6.57,20.04,9.84,15.34,7.44,18.44,38.32,,13.29,,24.49,6.76,30.39,16.12,21.17,1,1794,13,6,1,1
34.12,16,35,23,52,0,0,19,21,0,624,666,597,0,160,17,1039,450,1,6.01,20.63,10.43,,11.32,16.34,9.06,21.98,,25.88,11.85,,25.59,0.08,,25.87,,0,1745,2,0,1,1
34.12,25,29,27,37,0,0,36,33,0,684,761,535,0,132,10,1091,341,90,3.9,16.16,9.65,16.99,10.72,13.3,8.09,22.33,,14.61,24.56,24.57,14.8,6.39,20.31,13.92,25.04,1,1804,1,1,2,1
28.64,51,24,23,39,0,0,21,38,0,451,591,480,0,114,6,832,195,95,10.83,16.89,7.88,9.27,14.9,19.14,6.76,18.31,,19.87,9.92,,,6.31,,19.86,21.01,1,1817,1,1,2,1
28.64,17,22,25,45,0,0,17,18,0,514,759,711,0,95,8,1410,237,3,9.79,26.99,7.54,8.87,13.65,17.92,6.56,17.2,,,23.45,,,6.13,,18.54,19.93,0,1875,1,1,2,1
62.51,35,17,29,138,80,0,9,117,215,515,488,1344,973,223,24,1433,625,79,8.0,23.87,8.5,9.43,16.68,15.87,6.2,18.24,41.22,43.52,8.56,18.77,33.28,5.83,29.29,19.34,20.95,1,1789,3,19,7,1
62.51,44,20,17,102,99,0,11,169,297,740,1127,2017,1607,276,8,2317,665,1190,8.22,30.14,7.93,9.29,13.34,16.74,6.87,17.48,41.54,59.08,9.42,19.98,14.93,6.02,18.1,43.54,52.78,0,1817,8,2,1,1
53.33,23,24,20,86,67,0,6,38,204,456,614,743,999,144,12,1337,559,119,9.67,31.28,7.26,8.56,24.86,17.39,6.33,17.77,31.96,,10.8,19.09,15.37,5.82,19.66,,,0,1797,1,8,1,1
53.33,51,18,23,68,74,0,7,27,188,527,629,819,1348,212,24,1456,632,379,4.69,27.99,7.59,8.91,18.54,16.91,6.67,18.06,32.11,22.7,9.91,18.57,15.49,6.06,36.25,18.89,20.88,1,1824,5,3,2,1
27.82,52,22,27,25,0,0,4,48,0,467,477,569,0,70,6,992,217,26,9.26,,7.66,8.88,16.45,15.56,6.52,16.9,,18.14,10.08,16.78,,5.21,,18.09,19.76,0,2043,1,1,3,1
27.82,51,21,17,66,0,0,5,50,0,467,396,573,0,63,6,861,230,26,9.76,,8.01,8.91,15.98,14.19,6.54,15.76,,22.23,16.81,16.78,,8.74,,17.64,18.48,1,2024,1,1,3,1
50.62,32,22,55,136,0,3,19,50,0,458,905,1142,0,196,34,1084,547,101,7.81,18.27,7.3,,14.04,16.66,6.3,26.66,,,45.12,,50.07,5.63,27.47,19.89,31.11,1,1771,2,0,1,1
50.62,29,40,38,52,0,3,28,94,0,577,587,544,0,163,9,848,333,8,8.02,24.34,4.4,24.67,12.77,14.77,11.15,30.71,,,35.06,40.09,,7.61,35.75,,,0,1726,4,1,2,1
44.93,9,21,23,101,20,0,14,96,49,454,453,1146,187,124,10,1096,365,79,9.7,12.21,7.47,8.91,17.65,18.28,6.66,17.16,37.81,19.58,10.72,19.13,35.57,6.22,40.67,19.62,21.3,0,1861,1,7,2,1
44.93,25,19,23,70,40,0,20,61,105,750,697,1308,564,173,12,1286,361,882,9.7,15.26,7.23,8.58,13.03,17.31,6.39,16.84,33.04,37.96,18.29,18.75,28.66,4.86,38.57,18.32,19.62,1,2017,1,6,4,1
44.93,19,16,19,102,30,0,14,51,153,367,417,822,369,168,8,812,336,58,6.67,21.48,7.29,,8.49,9.98,6.12,16.04,33.8,16.96,22.58,,32.23,6.17,35.34,11.68,18.75,1,1842,8,0,1,1
44.93,51,16,19,93,30,0,11,46,34,670,625,1074,344,251,8,1433,573,5,7.42,16.98,8.22,9.64,9.82,12.67,6.71,17.71,35.43,14.26,10.1,18.27,15.81,5.4,,13.53,29.06,0,1851,1,9,4,1
28.26,34,22,22,18,0,0,5,10,0,383,406,197,0,123,11,390,210,87,11.13,18.46,8.13,9.2,,22.07,6.78,19.16,,,9.78,,,5.82,,,,0,1883,1,2,0,1
28.26,12,16,22,9,0,0,21,33,0,439,1190,458,0,92,5,1156,312,367,16.3,17.89,6.08,8.46,11.99,13.96,6.24,20.16,,,8.58,21.46,18.46,5.08,22.11,15.58,,1,1695,1,3,1,1
73.82,50,22,23,128,109,0,17,125,857,404,461,1006,1567,228,14,1333,573,113,9.89,15.94,7.54,,9.29,11.32,7.08,17.73,38.8,18.36,26.56,19.36,32.45,6.61,20.01,13.25,36.48,0,1852,30,0,14,1
73.82,3,20,27,71,132,3,6,35,750,398,515,779,1976,278,10,1982,580,2,7.09,16.73,5.52,18.26,9.12,14.98,6.89,18.99,34.05,42.54,11.68,19.88,17.47,0.1,21.98,15.83,37.34,1,1982,3,10,11,1
29.36,6,19,17,40,0,0,19,49,0,544,427,428,0,103,8,852,193,5,9.87,15.82,8.64,,9.61,11.08,7.04,16.95,,14.11,11.83,24.8,23.21,0.02,,12.31,19.63,1,2201,1,0,2,1
29.36,5,21,20,31,0,2,27,15,0,519,445,390,0,117,4,701,242,60,9.91,15.15,5.12,20.94,9.5,11.05,7.1,19.02,,19.54,9.56,20.27,,5.5,,11.89,21.85,0,1844,1,1,3,1
47.58,22,21,19,102,34,0,18,56,136,441,404,870,624,127,8,1007,455,55,8.73,25.89,7.8,8.92,16.19,14.71,6.73,16.41,32.83,17.35,17.64,,26.27,5.69,,16.97,27.97,1,1857,1,6,4,2
47.58,25,23,27,49,56,5,23,46,108,493,585,827,702,165,9,1617,306,21,10.34,30.67,5.46,,8.95,15.45,6.71,17.83,31.64,,18.45,18.14,30.09,5.7,,20.95,21.73,0,1802,8,0,3,1
48.7,36,21,19,108,13,0,18,71,90,517,778,1265,349,163,9,1601,550,12,7.07,28.15,8.0,8.95,15.02,15.52,6.65,18.25,38.39,38.72,9.39,31.15,35.71,6.13,24.89,18.46,38.73,0,1836,1,6,6,2
48.7,16,23,22,75,62,0,23,37,171,410,495,774,597,169,16,1048,367,45,9.16,16.13,7.42,,8.91,10.91,6.66,17.43,31.95,18.4,40.79,18.67,25.31,0.01,23.28,11.67,20.21,1,1858,6,0,1,1
57.31,6,21,22,95,119,4,14,67,181,579,748,1282,1365,99,25,2491,449,170,8.3,27.55,5.92,10.41,20.24,17.33,6.95,18.59,35.82,21.75,19.23,19.55,15.13,0.01,42.08,19.21,21.35,0,1804,8,7,3,1
57.31,8,20,30,94,68,0,11,54,214,426,627,733,1029,129,16,1443,421,75,9.58,16.36,7.27,8.35,19.31,17.09,5.94,18.86,32.83,38.65,8.66,20.5,27.15,5.55,40.51,19.35,21.36,1,1870,1,13,10,1
57.59,21,26,24,128,18,4,25,167,188,656,683,1428,377,143,20,1740,667,19,6.09,26.42,4.63,,10.71,18.65,8.09,19.28,45.14,40.22,33.4,19.99,40.24,7.36,21.98,40.21,41.3,1,1790,7,0,10,1
57.59,3,28,28,153,43,4,17,158,169,436,585,1249,512,184,11,1091,580,67,7.88,18.73,5.81,,10.95,13.9,6.79,19.77,44.62,45.4,24.72,,27.02,6.28,27.49,16.54,22.6,0,1818,11,0,4,1
44.72,28,23,24,60,15,0,16,53,9,920,1183,2284,361,319,13,3028,969,62,10.49,31.24,,8.49,10.32,17.77,6.04,17.61,37.94,20.14,18.02,40.67,21.87,5.54,19.48,18.58,20.31,0,1723,0,1,6,1
44.72,14,21,17,59,18,0,5,36,37,471,363,1000,193,145,13,1105,335,68,8.55,16.2,7.92,9.29,38.89,18.93,6.97,16.81,37.3,19.83,34.06,39.46,36.12,6.61,,38.93,40.43,1,1815,1,1,3,1
41.74,17,20,18,67,23,0,15,52,28,425,542,843,187,142,13,1158,331,2,4.76,33.73,7.59,17.3,8.92,13.87,6.58,19.28,34.44,21.65,14.2,19.88,25.44,6.17,,16.24,22.2,0,1752,3,1,3,1
41.74,20,20,17,116,19,0,16,54,91,396,418,932,235,110,8,863,317,78,9.06,16.24,7.59,9.34,11.83,14.32,6.85,16.96,34.17,18.11,18.56,18.61,31.29,6.61,27.89,17.4,20.78,1,1840,1,12,1,1
25.96,32,28,19,0,0,6,43,0,0,588,1253,0,0,138,10,1237,321,3,7.87,,4.61,,11.29,9.92,7.35,,,16.12,,,,6.37,,11.52,,0,1785,1,0,2,1
25.96,11,19,27,5,0,0,36,4,0,453,731,66,0,94,16,688,257,55,7.87,15.51,8.94,22.46,9.78,10.91,6.57,21.5,,16.08,10.15,,,5.6,,11.75,,1,1830,1,1,2,1
8.22,51,22,0,0,0,0,0,0,0,675,0,0,0,20,0,355,51,219,,,,,,,,,,,,,,4.58,,,,0,2938,0,0,0,0
8.22,12,33,0,0,0,6,0,0,0,560,0,0,0,59,0,412,40,0,,,6.03,,,,6.77,,,,,,,6.2,,,,1,2546,1,0,0,0
23.92,17,18,26,6,0,0,23,12,0,522,571,128,0,91,11,735,186,66,7.46,16.97,7.7,8.99,10.28,13.54,6.78,18.89,,19.63,19.64,,23.18,5.44,,14.64,21.62,1,1828,1,1,2,1
23.92,43,24,35,7,0,4,21,4,0,569,805,148,0,123,11,945,237,46,8.3,17.22,6.07,,10.03,13.23,7.1,18.9,,19.56,,,,6.45,,14.29,21.68,0,1925,1,0,2,1
25.55,26,23,47,0,0,0,28,0,0,439,789,0,0,107,11,611,292,60,9.61,19.63,7.61,9.36,13.07,15.66,7.13,24.23,,,,24.85,,5.74,,16.46,,0,1848,1,1,2,1
25.55,29,18,25,0,0,6,30,0,0,449,706,0,0,102,14,712,208,6,13.12,20.31,5.62,,9.63,10.53,7.13,22.92,,,,,,6.48,,13.48,24.76,1,1923,1,0,2,1
18.21,31,16,25,0,0,3,13,0,0,427,432,0,0,56,5,492,113,96,14.37,17.97,6.13,,9.71,12.14,6.75,,,14.92,13.95,,,5.16,,12.83,,0,1785,1,0,1,1
18.21,40,28,23,0,0,0,13,0,0,448,438,0,0,75,6,477,152,67,9.97,15.35,7.65,8.98,9.78,16.77,6.69,,,,9.06,,,5.79,,,,1,1807,1,2,1,1
60.08,42,26,21,124,130,0,13,59,447,399,555,834,1205,188,11,1234,500,89,5.91,16.39,7.55,8.9,16.44,14.61,6.68,17.16,33.96,,9.14,,16.52,6.09,16.9,20.54,,0,1859,3,14,1,2
60.08,53,24,18,125,74,0,15,99,684,715,632,1059,1519,378,29,1443,525,697,11.14,24.51,7.44,8.95,24.64,16.32,6.74,16.76,31.5,26.82,,18.57,26.03,6.12,18.47,25.31,25.86,1,1599,8,11,6,1
33.46,37,32,48,0,0,0,0,0,0,651,398,2,0,54,4,553,294,0,13.11,27.27,,,,30.24,12.81,30.52,,,20.05,29.03,15.01,7.02,,30.55,,0,1682,0,0,0,1
33.46,13,25,28,8,0,2,36,8,0,547,1031,150,0,105,2,980,375,44,8.72,12.83,7.74,,9.89,20.38,7.22,27.04,,29.07,30.17,,,7.15,,29.06,29.81,1,1796,1,0,2,1
15.42,25,24,19,0,0,0,9,0,0,446,294,0,0,79,14,391,139,47,7.45,,8.04,9.36,11.94,14.78,7.06,,,,10.38,,,6.7,,,,0,1830,1,1,1,1
15.42,13,22,16,0,0,3,11,0,0,748,716,0,0,65,1,1119,188,1,14.7,,4.68,,9.1,11.68,6.89,,,,,,,5.23,,14.61,,1,1854,1,0,1,2
31.43,29,29,25,16,0,4,28,15,0,702,825,358,0,215,15,1274,201,1,5.14,20.95,4.73,,11.22,12.32,9.51,21.98,,27.47,18.0,,,7.61,,15.07,23.76,0,1870,1,0,2,1
31.43,1,25,19,47,0,2,19,50,0,517,499,521,0,144,18,722,280,71,2.96,31.2,5.19,,10.26,13.0,7.52,18.61,,16.12,20.72,20.71,,7.62,,14.28,21.39,1,1853,1,0,2,1
26.63,44,28,17,17,0,4,17,11,0,846,643,353,0,48,9,1330,272,0,9.32,,4.32,,11.45,13.96,9.08,18.53,,,19.05,,,8.06,,14.82,21.25,0,1812,1,0,1,1
26.63,45,22,24,17,0,0,15,19,0,458,597,309,0,109,12,696,308,45,8.14,17.65,7.29,9.11,12.57,13.43,6.84,18.79,,19.34,22.52,,22.5,5.75,,14.21,21.56,1,1862,2,1,2,1
38.78,44,20,25,77,0,0,20,69,0,795,1095,1921,0,152,10,1569,369,1314,10.45,,7.88,9.1,16.18,20.36,6.38,17.52,,28.23,24.08,,33.43,6.85,,21.67,22.36,0,1774,1,2,2,1
38.78,8,26,24,76,22,0,8,46,46,502,608,760,238,127,12,1066,306,111,9.14,22.03,7.43,8.93,18.33,14.91,6.58,17.98,30.25,28.51,9.21,18.19,23.18,6.26,35.58,19.38,25.72,1,1822,1,8,3,1
9.29,22,20,1,0,0,0,1,0,0,310,16,0,0,19,2,232,39,2,7.34,,7.32,8.97,,,6.66,,,,,,,6.19,,,,0,1666,1,1,0,0
9.29,50,20,0,0,0,3,0,0,0,477,22,0,0,61,4,296,63,41,8.5,,5.62,,9.04,,6.65,,,,,,,8.11,,,,1,1828,1,0,1,0
31.06,44,19,19,32,0,5,11,47,0,446,526,463,0,115,10,748,307,46,7.2,16.54,7.18,,9.37,13.73,6.98,17.97,,18.6,19.73,17.87,,6.56,,14.45,20.93,0,1849,1,0,1,1
31.06,28,21,18,41,0,0,9,31,0,400,434,538,0,107,5,710,257,36,7.05,27.52,,8.92,12.41,16.04,6.67,17.2,,,9.06,,20.36,5.58,,18.25,20.25,1,1793,0,2,1,1
51.98,31,22,18,89,38,4,15,47,132,504,424,775,659,149,13,1417,262,49,6.8,15.68,4.88,18.95,11.31,17.31,8.81,18.65,32.92,19.84,11.39,20.83,23.93,7.09,40.61,19.61,21.36,1,1776,10,2,6,1
51.98,41,23,21,82,42,0,17,43,256,452,588,681,769,144,19,1198,374,80,7.46,17.25,7.93,9.04,12.9,16.12,6.7,18.85,32.42,17.34,14.56,19.16,30.02,6.84,40.38,16.82,21.59,0,1841,1,15,6,1
48.73,33,22,22,94,46,0,23,76,113,554,626,860,453,160,7,1182,429,91,6.14,16.18,8.33,9.36,12.84,13.63,7.17,19.61,36.2,17.18,14.72,31.13,25.31,6.67,32.97,16.7,22.33,1,1822,1,10,3,1
48.73,38,21,27,83,30,2,34,60,152,583,738,982,458,154,14,1578,391,48,7.22,24.26,5.11,28.96,9.14,14.66,6.84,20.92,37.19,23.08,11.9,22.85,36.05,5.95,38.59,16.06,23.77,0,1890,2,11,2,1
26.45,14,27,2,15,0,0,0,28,0,620,177,774,0,231,19,897,281,57,8.31,12.45,,,,11.32,8.66,13.07,,,,,,8.19,,,,0,1806,0,0,0,1
26.45,15,24,14,32,0,2,10,25,0,564,366,394,0,101,3,687,263,79,6.43,21.54,4.99,,10.48,11.85,8.28,16.35,,,10.55,,,6.59,,19.06,22.32,1,1815,1,0,2,2
37.95,51,24,21,69,19,0,9,35,57,472,359,666,291,131,13,841,247,108,10.07,14.69,7.66,8.89,16.97,18.0,6.43,16.73,29.2,34.92,9.34,17.2,25.49,6.1,31.84,18.52,22.94,1,1831,1,3,2,1
37.95,45,25,26,135,9,0,17,55,21,706,1037,1375,254,171,7,1222,325,1083,8.69,36.79,8.54,9.48,16.84,14.34,6.96,17.54,32.3,32.67,9.62,18.15,29.89,6.41,34.93,22.02,30.21,0,1807,2,1,4,1
10.66,5,25,3,0,0,5,0,0,0,465,51,0,0,87,1,266,72,39,9.72,,6.12,,9.87,,7.35,,,,,,,9.52,,,,1,1838,1,0,1,0
10.66,53,34,5,0,0,0,2,0,0,655,107,0,0,80,9,523,101,0,7.37,,8.44,,9.26,,6.8,,,,,,,5.56,,,,0,1881,1,0,1,0
9.39,24,17,0,0,0,0,0,0,0,597,17,0,0,44,0,455,51,32,,,8.35,9.22,,,6.61,,,,,,,4.98,,,,0,1896,1,1,0,0
9.39,39,25,1,0,0,5,0,0,0,783,31,0,0,63,2,547,39,119,8.64,,5.18,,,,6.75,,,,,,,5.99,,,,1,1901,1,0,0,0
53.92,5,17,20,113,18,3,12,147,28,387,495,1521,169,120,2,1298,433,130,16.54,45.21,6.38,15.94,9.41,16.02,6.64,18.19,46.88,38.96,34.0,19.33,48.21,5.93,52.02,21.28,21.91,1,1862,1,2,4,2
53.92,51,19,26,116,35,0,12,142,43,427,570,1291,243,140,9,1204,507,80,9.15,21.18,7.62,8.73,12.74,14.09,6.37,19.12,44.83,20.84,9.37,,22.87,5.81,45.42,16.24,24.14,0,1870,1,3,3,2
51.79,26,22,16,97,61,0,15,40,158,507,477,980,733,168,8,1174,532,79,9.45,17.71,7.23,17.11,8.87,11.81,6.64,16.46,34.63,17.91,41.9,17.24,30.32,5.72,36.87,12.7,19.57,0,1876,1,10,1,2
51.79,28,20,1,146,30,0,0,59,73,568,151,1176,460,166,13,1066,521,72,9.09,17.37,,27.93,,32.84,7.44,10.87,36.55,,18.44,32.33,34.01,8.22,46.18,37.96,39.52,1,1570,0,1,0,2
39.27,15,21,22,71,19,0,19,87,21,429,488,898,73,157,11,890,280,71,10.46,25.51,7.78,,9.5,13.7,6.68,18.98,34.08,21.14,10.12,,25.14,6.21,37.2,14.48,21.67,1,1832,4,0,2,1
39.27,6,22,27,62,0,0,43,99,0,767,872,1249,0,119,2,1859,502,0,18.41,32.16,7.74,,9.68,12.97,7.46,19.95,,20.69,20.25,25.81,27.39,0.09,,13.88,22.66,0,1704,1,0,3,1
46.97,42,18,21,125,18,0,14,90,24,401,467,1113,233,176,12,1031,396,36,8.96,24.18,7.83,9.29,12.07,18.86,6.92,17.7,39.55,,10.75,18.93,32.01,5.86,40.03,19.65,20.42,0,1864,1,6,2,1
46.97,6,15,26,73,19,0,17,57,56,367,755,1105,518,128,7,1871,281,36,8.34,17.9,7.59,8.79,15.21,14.38,6.56,19.01,35.65,44.62,9.55,20.34,23.35,0.15,19.5,16.02,42.93,1,1887,5,1,1,2
40.41,17,20,24,158,0,0,6,115,9,427,337,1180,17,138,25,823,288,45,9.39,15.92,7.94,8.9,17.45,15.15,6.66,16.92,36.77,,9.06,18.43,21.5,6.09,30.45,17.47,19.62,0,1846,1,8,2,2
40.41,23,16,19,141,14,0,6,71,18,334,622,1209,230,134,10,1007,322,442,8.16,23.8,7.86,9.01,,15.11,6.44,16.82,34.31,,10.47,18.35,15.45,5.44,27.62,21.63,32.78,1,1896,1,5,0,1
27.81,49,22,20,18,0,4,16,30,0,416,446,467,0,115,6,675,246,54,8.56,26.26,5.52,,9.71,12.08,6.99,17.42,,18.52,23.16,13.48,25.02,6.64,,13.7,20.12,1,1856,1,0,2,1
27.81,29,25,21,21,0,3,20,18,0,574,587,408,0,68,6,1067,171,57,6.54,,4.65,,10.5,15.5,8.76,18.99,,16.12,12.84,,23.39,8.46,,16.48,20.75,0,2042,1,0,2,1
44.55,9,27,21,111,28,0,13,51,40,471,430,875,321,185,21,786,426,92,8.64,15.85,8.22,9.32,14.23,18.43,7.1,17.57,34.42,19.61,10.22,19.63,26.97,6.09,42.32,19.22,20.33,1,1852,1,6,3,1
44.55,4,21,20,65,20,4,14,55,12,594,531,1277,234,92,9,1509,354,190,10.66,17.83,5.11,19.16,9.62,15.05,7.27,18.83,38.27,43.13,20.12,20.1,32.24,0.04,23.98,16.15,21.57,0,1772,1,8,4,1
42.34,33,21,37,79,15,0,26,66,50,579,1057,1393,286,219,12,2177,326,32,10.02,17.95,7.89,9.01,12.28,19.69,6.73,19.51,35.0,25.16,9.3,36.04,25.48,5.67,,20.61,23.6,1,1973,1,5,4,1
42.34,26,24,21,117,15,0,27,97,20,445,595,1016,79,165,12,1031,316,62,9.98,28.33,7.2,8.92,10.96,13.97,6.71,19.0,37.51,19.44,9.88,20.28,30.9,6.01,31.76,14.8,21.75,0,1849,1,2,4,1
69.59,4,21,20,154,131,0,11,94,451,433,544,1093,1300,220,11,1352,530,84,8.5,16.58,8.27,53.27,10.28,26.64,7.18,19.36,40.91,,20.5,,20.95,7.22,42.77,51.96,52.61,1,1837,7,10,5,2
69.59,12,18,17,55,36,3,5,147,81,476,587,1849,1049,133,3,2412,387,426,12.62,17.27,6.2,17.16,9.34,11.01,7.03,18.5,50.27,,36.24,19.01,46.25,6.31,26.68,12.32,,0,1822,1,5,1,2
40.23,10,24,25,90,0,0,17,59,0,677,770,1309,0,113,31,1569,573,155,9.64,,9.15,21.27,10.3,19.23,7.53,19.68,,,13.37,32.46,34.61,4.95,35.03,20.09,,0,1759,1,2,1,1
40.23,45,17,17,88,17,2,10,46,45,483,582,916,144,149,6,1164,318,54,11.71,25.24,6.13,20.44,9.56,12.38,7.19,18.33,33.78,,19.16,22.27,16.93,6.64,34.8,14.0,21.01,1,1891,6,1,2,1
47.81,37,21,25,103,23,0,13,48,52,379,497,880,322,159,13,819,504,47,4.3,10.87,,9.51,36.27,20.87,6.98,19.46,38.63,36.49,9.73,,35.5,6.56,29.06,36.49,42.21,1,1880,0,2,3,1
47.81,44,24,6,155,34,0,0,35,22,356,120,921,230,108,18,711,337,3,3.82,9.91,41.94,,,10.2,7.66,11.21,39.33,41.21,,37.46,33.44,8.56,,41.2,43.18,0,1758,5,0,0,1
42.1,43,20,24,71,0,3,33,55,0,727,1090,1031,0,342,4,1799,328,0,13.5,20.66,5.49,12.51,8.96,13.47,6.67,21.69,39.26,40.1,34.43,22.11,16.68,6.14,15.6,40.09,,0,1784,2,2,5,1
42.1,52,24,30,90,18,0,20,67,50,389,646,800,184,158,18,882,422,34,9.29,16.56,8.06,12.42,9.4,12.21,7.03,19.6,34.91,28.65,30.49,30.51,18.01,6.45,,13.16,30.09,1,1887,1,1,3,1
31.22,33,18,26,37,0,0,38,30,0,442,666,563,0,145,7,962,266,38,6.25,28.85,7.33,,8.89,14.78,6.55,19.1,,21.6,,,,5.68,,15.6,21.83,0,1857,1,0,3,1
31.22,26,19,19,59,0,2,18,36,0,613,745,808,0,137,9,1352,269,110,8.59,,4.96,,9.14,10.71,6.81,17.71,,18.23,19.24,18.34,17.13,6.02,,12.2,20.61,1,2097,1,0,2,1
31.74,4,21,40,41,0,0,34,8,0,592,754,443,0,120,4,937,383,76,5.96,24.04,7.78,14.33,9.68,11.44,6.66,20.78,,21.63,,,9.14,5.81,,12.74,,0,1869,1,1,2,1
31.74,43,19,30,14,0,5,34,26,0,797,1039,327,0,102,21,1359,448,32,4.69,21.86,4.58,,10.92,15.69,8.24,23.2,,,11.05,24.69,,7.86,23.82,16.78,,1,1957,3,0,1,1
55.73,30,22,16,90,132,2,13,45,313,443,436,794,1260,176,11,1390,397,40,7.6,30.23,8.44,17.44,9.9,15.86,7.19,16.95,31.43,17.53,21.9,24.88,20.82,6.36,33.2,19.01,19.71,0,1898,1,13,1,1
55.73,16,52,17,94,63,0,15,38,275,493,299,908,1340,156,9,1727,383,7,10.05,14.66,8.35,,9.75,10.44,7.07,16.14,31.11,16.79,17.85,17.42,29.35,0.03,48.44,11.25,19.14,1,1754,12,0,8,1
46.96,31,22,23,64,45,0,24,68,80,448,605,805,551,152,8,1254,378,32,9.44,19.03,7.75,46.24,8.92,12.05,6.61,19.79,32.64,21.9,11.35,21.91,18.5,5.62,42.73,12.68,22.5,1,1876,3,2,4,1
46.96,22,20,24,70,43,0,18,47,75,473,662,1200,376,112,8,1807,204,1,9.65,45.42,7.83,9.01,11.83,16.43,6.48,18.83,36.63,19.43,11.11,23.44,25.36,8.8,,17.01,22.36,0,1851,1,12,6,3
24.9,51,20,26,10,0,0,23,14,0,468,521,220,0,115,8,638,228,53,10.51,,7.76,8.95,10.99,15.42,6.73,18.86,,20.55,9.07,,,6.25,,16.15,21.81,1,1851,1,1,2,2
24.9,17,17,19,5,0,4,15,1,0,555,694,165,0,66,0,1037,139,55,,,5.51,16.41,9.97,13.65,7.08,19.52,,14.98,15.37,20.65,14.3,6.53,,14.45,23.26,0,1873,1,1,1,1
50.78,28,17,23,102,118,0,24,44,202,456,754,821,620,180,5,1135,482,50,31.64,18.71,35.68,8.87,12.65,19.89,6.66,19.48,35.24,20.65,8.92,37.81,35.55,5.59,36.28,20.85,22.41,0,1894,8,5,3,1
50.78,51,18,21,64,37,0,21,49,167,836,870,1015,898,280,11,2035,659,0,8.32,40.61,8.06,19.31,9.45,16.02,7.2,18.96,33.06,41.92,9.55,19.44,21.63,6.79,20.66,17.03,41.14,1,1990,3,8,6,2
42.9,43,19,30,107,0,4,15,39,1,425,628,874,10,131,14,929,391,48,11.8,21.16,5.13,23.8,10.28,16.14,6.99,21.77,39.57,,38.02,18.19,38.09,6.24,,16.68,24.61,1,1874,2,2,1,1
42.9,37,23,38,87,0,4,43,57,0,514,877,706,0,109,2,1100,376,50,19.58,23.72,5.58,26.26,,17.46,7.02,25.06,,,34.73,25.64,37.7,6.21,29.7,,,0,1952,1,7,0,1
29.99,6,17,19,65,0,0,19,28,0,392,518,588,0,133,7,839,220,35,7.72,25.22,6.96,8.88,11.75,17.63,6.66,17.19,,18.42,9.09,18.86,,0.02,,18.41,19.95,1,1868,1,1,2,1
29.99,33,20,18,30,0,0,20,25,0,461,656,670,0,121,8,1117,212,143,6.26,16.36,7.26,8.9,13.41,18.08,6.54,17.44,,20.86,,16.69,,5.58,,18.78,20.41,0,2094,1,1,2,1
54.16,10,20,20,78,83,0,17,64,155,473,498,847,907,164,17,1323,515,64,5.09,17.75,7.64,33.65,8.99,13.77,6.61,18.65,34.36,31.78,10.12,,20.97,6.12,52.83,14.88,21.37,0,1882,1,7,4,1
54.16,32,17,17,107,42,3,2,66,233,784,485,1046,1144,199,17,1920,550,81,11.38,33.52,6.03,15.49,13.64,14.32,7.11,16.89,34.73,21.41,9.55,18.08,30.88,5.95,42.27,16.11,19.92,1,1944,1,13,4,1
45.45,22,19,22,109,23,0,15,46,126,501,391,912,473,160,9,1131,293,83,9.47,25.48,7.89,8.93,18.33,17.15,6.6,17.58,33.64,41.16,25.73,,31.07,6.06,,17.86,20.39,0,1893,5,8,2,1
45.45,53,16,21,63,37,0,7,25,97,340,490,551,718,149,6,1008,323,141,7.06,28.81,7.76,9.17,20.12,14.04,6.79,17.65,29.9,20.36,,27.67,26.1,5.69,14.87,20.35,20.99,1,1895,1,5,8,2
